UserID,GenerationID,Gender,Area
1,2,Male,Urban
2,2,Male,Suburban
3,3,Male,Suburban
4,4,Female,Urban
5,1,Male,Suburban
6,1,Female,Suburban
7,3,Male,Rural
8,4,Male,Urban
9,2,Female,Urban
10,2,Female,Urban
11,4,Female,Urban
12,3,Male,Urban
13,1,Male,Suburban
14,4,Female,Urban
15,1,Male,Urban
16,2,Male,Rural
17,1,Female,Suburban
18,4,Female,Urban
19,3,Male,Suburban
20,4,Female,Urban
21,3,Female,Urban
22,3,Male,Suburban
23,4,Female,Urban
24,4,Female,Urban
25,1,Male,Urban
26,3,Male,Rural
27,2,Male,Urban
28,3,Female,Suburban
29,2,Male,Urban
30,4,Male,Suburban
31,1,Male,Urban
32,2,Male,Urban
33,3,Male,Suburban
34,3,Female,Suburban
35,4,Female,Urban
36,1,Male,Urban
37,3,Male,Urban
38,4,Male,Urban
39,3,Female,Suburban
40,2,Female,Urban
41,4,Female,Suburban
42,3,Female,Urban
43,4,Male,Urban
44,3,Male,Urban
45,3,Male,Urban
46,3,Female,Urban
47,1,Male,Rural
48,1,Male,Urban
49,4,Female,Rural
50,4,Female,Urban
51,3,Male,Urban
52,4,Female,Urban
53,3,Female,Urban
54,2,Female,Suburban
55,2,Female,Rural
56,2,Male,Suburban
57,3,Female,Suburban
58,4,Female,Urban
59,1,Female,Urban
60,3,Female,Suburban
61,1,Female,Urban
62,4,Female,Urban
63,4,Female,Rural
64,2,Female,Rural
65,4,Female,Suburban
66,4,Male,Urban
67,2,Female,Rural
68,3,Male,Urban
69,3,Female,Urban
70,2,Female,Urban
71,1,Female,Rural
72,1,Female,Rural
73,4,Male,Suburban
74,4,Male,Urban
75,3,Female,Urban
76,2,Female,Urban
77,2,Female,Rural
78,2,Female,Urban
79,3,Female,Urban
80,2,Male,Suburban
81,4,Male,Urban
82,2,Female,Rural
83,4,Female,Urban
84,4,Female,Rural
85,4,Female,Urban
86,3,Female,Urban
87,3,Female,Urban
88,3,Female,Urban
89,2,Male,Suburban
90,2,Female,Urban
91,4,Female,Urban
92,4,Male,Suburban
93,2,Female,Urban
94,1,Female,Suburban
95,2,Female,Suburban
96,2,Male,Urban
97,4,Female,Suburban
98,2,Male,Urban
99,2,Female,Urban
100,3,Female,Urban
101,2,Female,Rural
102,1,Female,Suburban
103,3,Male,Suburban
104,3,Female,Rural
105,4,Female,Urban
106,2,Male,Rural
107,1,Male,Suburban
108,3,Male,Rural
109,3,Female,Rural
110,4,Female,Rural
111,1,Female,Urban
112,4,Female,Suburban
113,4,Male,Rural
114,3,Female,Suburban
115,1,Male,Urban
116,4,Male,Rural
117,3,Male,Urban
118,2,Male,Urban
119,1,Female,Suburban
120,4,Female,Urban
121,4,Female,Suburban
122,3,Male,Urban
123,4,Male,Suburban
124,3,Male,Rural
125,2,Female,Urban
126,3,Male,Suburban
127,2,Male,Urban
128,2,Female,Rural
129,3,Female,Rural
130,4,Female,Urban
131,2,Male,Suburban
132,2,Female,Suburban
133,4,Male,Suburban
134,1,Female,Suburban
135,2,Male,Urban
136,4,Female,Suburban
137,1,Female,Urban
138,1,Female,Urban
139,1,Male,Rural
140,1,Male,Urban
141,3,Female,Suburban
142,2,Female,Urban
143,4,Male,Rural
144,3,Male,Suburban
145,3,Male,Urban
146,2,Male,Urban
147,2,Male,Urban
148,4,Male,Rural
149,4,Male,Suburban
150,1,Male,Urban
151,1,Female,Suburban
152,2,Male,Urban
153,2,Male,Urban
154,3,Male,Urban
155,4,Female,Urban
156,3,Male,Suburban
157,1,Male,Rural
158,4,Male,Rural
159,2,Male,Rural
160,4,Male,Urban
161,2,Male,Urban
162,3,Female,Suburban
163,1,Male,Rural
164,4,Male,Suburban
165,3,Female,Urban
166,2,Female,Suburban
167,4,Female,Suburban
168,4,Male,Rural
169,3,Male,Suburban
170,4,Male,Urban
171,4,Female,Urban
172,2,Male,Urban
173,2,Female,Urban
174,4,Female,Rural
175,3,Female,Suburban
176,3,Male,Urban
177,2,Female,Urban
178,4,Male,Suburban
179,3,Female,Suburban
180,4,Female,Urban
181,3,Female,Rural
182,1,Male,Urban
183,2,Female,Urban
184,4,Male,Urban
185,2,Male,Suburban
186,4,Male,Suburban
187,3,Female,Rural
188,2,Female,Urban
189,1,Male,Rural
190,4,Female,Suburban
191,2,Female,Urban
192,2,Male,Urban
193,4,Female,Urban
194,4,Female,Rural
195,4,Male,Urban
196,1,Male,Urban
197,3,Female,Suburban
198,3,Male,Rural
199,3,Female,Suburban
200,1,Male,Suburban
201,2,Male,Urban
202,3,Male,Rural
203,1,Female,Urban
204,4,Female,Urban
205,4,Female,Rural
206,2,Male,Urban
207,4,Female,Urban
208,3,Female,Suburban
209,1,Male,Urban
210,1,Female,Urban
211,1,Male,Suburban
212,2,Female,Suburban
213,4,Female,Suburban
214,4,Male,Urban
215,1,Male,Suburban
216,4,Female,Rural
217,2,Male,Urban
218,3,Male,Urban
219,2,Male,Urban
220,2,Female,Suburban
221,2,Male,Urban
222,4,Male,Suburban
223,1,Female,Rural
224,1,Male,Urban
225,4,Female,Suburban
226,1,Female,Urban
227,4,Female,Urban
228,2,Male,Suburban
229,1,Female,Urban
230,4,Female,Rural
231,4,Male,Suburban
232,1,Male,Urban
233,4,Male,Urban
234,3,Male,Urban
235,4,Male,Rural
236,3,Male,Suburban
237,1,Male,Urban
238,4,Male,Suburban
239,2,Male,Suburban
240,2,Female,Suburban
241,1,Male,Urban
242,3,Male,Urban
243,2,Male,Urban
244,2,Male,Urban
245,3,Male,Urban
246,3,Male,Urban
247,1,Female,Urban
248,2,Female,Urban
249,3,Female,Urban
250,2,Female,Rural
251,1,Female,Suburban
252,2,Male,Urban
253,3,Female,Suburban
254,2,Female,Urban
255,2,Female,Rural
256,1,Female,Suburban
257,4,Male,Urban
258,4,Female,Rural
259,2,Female,Rural
260,1,Male,Rural
261,3,Male,Urban
262,3,Female,Urban
263,3,Male,Suburban
264,2,Male,Urban
265,3,Male,Suburban
266,3,Female,Suburban
267,2,Male,Urban
268,3,Male,Urban
269,3,Male,Urban
270,4,Male,Urban
271,4,Female,Suburban
272,1,Female,Suburban
273,3,Female,Urban
274,3,Female,Suburban
275,3,Female,Suburban
276,1,Male,Suburban
277,4,Female,Urban
278,2,Male,Suburban
279,1,Female,Suburban
280,3,Female,Urban
281,3,Male,Suburban
282,3,Female,Rural
283,4,Female,Urban
284,3,Male,Suburban
285,2,Female,Rural
286,4,Male,Rural
287,1,Male,Urban
288,2,Male,Suburban
289,3,Male,Rural
290,2,Female,Suburban
291,4,Female,Urban
292,4,Female,Urban
293,4,Female,Suburban
294,4,Female,Urban
295,1,Male,Urban
296,2,Male,Urban
297,3,Female,Suburban
298,2,Female,Urban
299,2,Male,Rural
300,4,Female,Suburban
301,2,Male,Rural
302,4,Male,Rural
303,2,Male,Urban
304,1,Male,Suburban
305,3,Male,Urban
306,2,Female,Rural
307,3,Female,Urban
308,3,Female,Suburban
309,3,Male,Rural
310,3,Female,Urban
311,1,Female,Rural
312,2,Male,Urban
313,3,Male,Urban
314,4,Male,Urban
315,3,Female,Urban
316,1,Female,Suburban
317,2,Female,Rural
318,4,Female,Urban
319,3,Female,Suburban
320,1,Male,Rural
321,2,Female,Suburban
322,1,Male,Urban
323,4,Female,Rural
324,3,Female,Urban
325,2,Female,Suburban
326,3,Male,Suburban
327,4,Female,Suburban
328,2,Female,Urban
329,1,Female,Urban
330,2,Female,Suburban
331,4,Male,Urban
332,2,Male,Urban
333,4,Male,Suburban
334,4,Female,Suburban
335,2,Male,Urban
336,3,Female,Urban
337,4,Male,Rural
338,1,Female,Urban
339,4,Male,Urban
340,2,Female,Urban
341,1,Male,Urban
342,2,Male,Rural
343,1,Female,Urban
344,4,Male,Urban
345,3,Male,Suburban
346,2,Male,Urban
347,4,Female,Urban
348,2,Male,Rural
349,2,Male,Suburban
350,1,Female,Urban
351,1,Female,Urban
352,2,Male,Urban
353,1,Male,Urban
354,2,Male,Suburban
355,3,Male,Suburban
356,3,Female,Suburban
357,3,Male,Rural
358,2,Female,Urban
359,4,Female,Rural
360,1,Male,Suburban
361,1,Male,Urban
362,1,Male,Rural
363,2,Female,Urban
364,1,Female,Suburban
365,3,Male,Suburban
366,2,Male,Urban
367,1,Female,Rural
368,2,Male,Urban
369,2,Male,Rural
370,2,Male,Urban
371,1,Female,Urban
372,3,Female,Urban
373,2,Male,Rural
374,2,Male,Urban
375,1,Male,Rural
376,2,Female,Urban
377,3,Male,Urban
378,2,Male,Urban
379,3,Male,Urban
380,3,Female,Rural
381,4,Male,Urban
382,2,Female,Suburban
383,2,Female,Suburban
384,3,Female,Suburban
385,2,Male,Suburban
386,1,Male,Rural
387,4,Male,Suburban
388,1,Male,Suburban
389,3,Female,Suburban
390,2,Male,Suburban
391,4,Male,Urban
392,3,Female,Suburban
393,2,Male,Urban
394,2,Male,Suburban
395,4,Female,Rural
396,3,Female,Rural
397,4,Female,Rural
398,1,Male,Suburban
399,2,Female,Suburban
400,1,Female,Urban
401,3,Male,Urban
402,1,Male,Urban
403,2,Female,Urban
404,2,Male,Rural
405,2,Male,Rural
406,2,Female,Suburban
407,2,Female,Urban
408,4,Male,Suburban
409,1,Female,Urban
410,2,Female,Rural
411,3,Female,Rural
412,3,Male,Urban
413,2,Male,Urban
414,1,Female,Urban
415,2,Male,Urban
416,2,Female,Urban
417,2,Female,Urban
418,1,Male,Urban
419,2,Female,Urban
420,2,Female,Urban
421,2,Female,Suburban
422,3,Female,Urban
423,4,Female,Rural
424,4,Female,Urban
425,2,Female,Urban
426,1,Female,Urban
427,2,Male,Suburban
428,2,Male,Urban
429,4,Male,Suburban
430,3,Female,Urban
431,4,Male,Rural
432,4,Female,Urban
433,1,Male,Urban
434,3,Male,Rural
435,3,Male,Urban
436,4,Female,Urban
437,4,Female,Rural
438,3,Female,Urban
439,4,Female,Urban
440,3,Male,Urban
441,3,Female,Urban
442,1,Male,Rural
443,1,Male,Suburban
444,2,Female,Suburban
445,2,Female,Urban
446,2,Male,Suburban
447,2,Female,Suburban
448,3,Male,Urban
449,3,Female,Rural
450,2,Female,Suburban
451,3,Female,Suburban
452,1,Female,Urban
453,1,Female,Urban
454,3,Male,Suburban
455,4,Female,Suburban
456,4,Male,Urban
457,3,Male,Urban
458,1,Female,Rural
459,2,Female,Urban
460,4,Male,Urban
461,2,Male,Suburban
462,1,Female,Urban
463,2,Male,Urban
464,2,Male,Urban
465,3,Male,Rural
466,2,Male,Urban
467,3,Female,Suburban
468,1,Female,Rural
469,1,Female,Suburban
470,2,Male,Suburban
471,1,Female,Suburban
472,1,Female,Urban
473,1,Male,Suburban
474,2,Male,Rural
475,3,Male,Suburban
476,2,Female,Urban
477,1,Female,Urban
478,3,Male,Rural
479,4,Male,Urban
480,4,Male,Rural
481,3,Female,Urban
482,2,Male,Suburban
483,2,Male,Rural
484,1,Male,Urban
485,1,Female,Urban
486,4,Male,Rural
487,4,Female,Urban
488,2,Female,Urban
489,4,Female,Suburban
490,4,Male,Urban
491,2,Male,Suburban
492,4,Male,Urban
493,4,Female,Urban
494,4,Female,Rural
495,1,Female,Urban
496,3,Female,Urban
497,2,Female,Suburban
498,2,Male,Rural
499,3,Female,Suburban
500,4,Female,Rural
501,3,Male,Urban
502,1,Female,Urban
503,2,Male,Rural
504,4,Male,Rural
505,3,Male,Suburban
506,4,Male,Urban
507,3,Male,Urban
508,4,Male,Urban
509,4,Female,Rural
510,2,Male,Rural
511,4,Male,Urban
512,2,Female,Urban
513,4,Male,Urban
514,3,Male,Urban
515,2,Male,Suburban
516,3,Female,Suburban
517,2,Male,Urban
518,1,Female,Suburban
519,4,Male,Rural
520,4,Male,Urban
521,3,Female,Urban
522,2,Female,Urban
523,2,Male,Urban
524,2,Male,Suburban
525,4,Female,Suburban
526,4,Male,Urban
527,2,Male,Urban
528,4,Female,Rural
529,1,Male,Urban
530,3,Female,Suburban
531,1,Female,Suburban
532,1,Female,Rural
533,3,Male,Suburban
534,2,Male,Rural
535,4,Male,Suburban
536,4,Male,Urban
537,4,Female,Urban
538,2,Female,Urban
539,4,Female,Urban
540,1,Female,Urban
541,2,Female,Urban
542,1,Male,Urban
543,3,Male,Urban
544,1,Male,Urban
545,4,Female,Suburban
546,2,Male,Suburban
547,4,Female,Rural
548,1,Male,Suburban
549,4,Female,Rural
550,4,Female,Suburban
551,4,Male,Urban
552,1,Male,Rural
553,1,Male,Urban
554,4,Male,Suburban
555,2,Male,Suburban
556,3,Female,Urban
557,2,Male,Suburban
558,2,Male,Urban
559,4,Female,Urban
560,2,Female,Urban
561,4,Male,Urban
562,1,Female,Urban
563,1,Male,Suburban
564,2,Male,Suburban
565,3,Male,Urban
566,4,Male,Suburban
567,3,Male,Urban
568,2,Female,Urban
569,2,Male,Suburban
570,2,Male,Rural
571,2,Male,Urban
572,2,Male,Urban
573,2,Male,Suburban
574,1,Female,Rural
575,3,Female,Urban
576,3,Female,Urban
577,2,Male,Urban
578,4,Female,Suburban
579,4,Female,Rural
580,2,Female,Suburban
581,2,Male,Urban
582,3,Female,Suburban
583,2,Male,Rural
584,1,Female,Urban
585,4,Male,Rural
586,1,Female,Urban
587,4,Male,Urban
588,4,Female,Suburban
589,4,Male,Urban
590,3,Female,Rural
591,1,Male,Suburban
592,2,Female,Urban
593,2,Female,Urban
594,4,Male,Suburban
595,3,Male,Urban
596,2,Female,Suburban
597,4,Male,Urban
598,3,Male,Urban
599,4,Female,Suburban
600,2,Male,Urban
601,4,Male,Suburban
602,2,Male,Suburban
603,1,Male,Urban
604,1,Male,Suburban
605,4,Male,Suburban
606,1,Male,Rural
607,4,Male,Urban
608,4,Male,Urban
609,2,Male,Suburban
610,3,Male,Suburban
611,1,Female,Suburban
612,3,Male,Suburban
613,3,Female,Suburban
614,1,Female,Urban
615,3,Female,Suburban
616,2,Female,Urban
617,4,Male,Urban
618,1,Female,Suburban
619,2,Male,Urban
620,3,Female,Urban
621,3,Male,Rural
622,1,Male,Suburban
623,2,Male,Suburban
624,4,Male,Rural
625,4,Male,Urban
626,2,Female,Suburban
627,4,Male,Urban
628,1,Female,Urban
629,3,Male,Urban
630,4,Female,Urban
631,1,Male,Suburban
632,2,Male,Urban
633,4,Male,Suburban
634,3,Female,Urban
635,3,Female,Urban
636,4,Male,Rural
637,2,Male,Suburban
638,4,Female,Rural
639,3,Female,Urban
640,1,Male,Urban
641,3,Male,Suburban
642,3,Male,Suburban
643,2,Female,Urban
644,2,Female,Rural
645,3,Male,Suburban
646,3,Male,Suburban
647,4,Male,Urban
648,2,Female,Suburban
649,2,Male,Urban
650,4,Male,Rural
651,1,Male,Urban
652,2,Male,Urban
653,1,Female,Urban
654,2,Male,Suburban
655,2,Male,Rural
656,1,Female,Rural
657,1,Male,Suburban
658,3,Male,Rural
659,3,Female,Suburban
660,2,Female,Urban
661,2,Male,Suburban
662,2,Male,Urban
663,2,Female,Urban
664,2,Male,Urban
665,4,Female,Urban
666,3,Female,Rural
667,2,Male,Rural
668,2,Female,Urban
669,3,Male,Suburban
670,1,Female,Urban
671,4,Male,Urban
672,4,Male,Urban
673,1,Female,Urban
674,3,Female,Urban
675,2,Male,Urban
676,2,Female,Urban
677,2,Male,Urban
678,4,Male,Rural
679,4,Male,Urban
680,2,Male,Urban
681,3,Female,Suburban
682,4,Female,Urban
683,4,Female,Suburban
684,3,Male,Urban
685,2,Female,Suburban
686,4,Male,Suburban
687,1,Female,Suburban
688,2,Female,Suburban
689,1,Female,Urban
690,1,Female,Urban
691,2,Male,Urban
692,3,Female,Suburban
693,2,Female,Urban
694,4,Male,Urban
695,2,Female,Suburban
696,2,Male,Urban
697,3,Male,Urban
698,3,Female,Suburban
699,3,Female,Urban
700,3,Male,Rural
701,4,Female,Rural
702,2,Female,Rural
703,3,Male,Urban
704,2,Male,Urban
705,4,Male,Suburban
706,1,Female,Suburban
707,3,Male,Suburban
708,1,Female,Urban
709,2,Female,Urban
710,1,Female,Urban
711,4,Male,Urban
712,4,Male,Urban
713,4,Female,Rural
714,1,Female,Urban
715,3,Male,Suburban
716,3,Female,Rural
717,3,Female,Urban
718,2,Female,Suburban
719,4,Male,Suburban
720,2,Female,Urban
721,2,Female,Urban
722,2,Female,Rural
723,3,Male,Suburban
724,4,Female,Rural
725,2,Male,Rural
726,3,Female,Urban
727,2,Male,Suburban
728,3,Male,Suburban
729,1,Male,Suburban
730,2,Male,Suburban
731,1,Male,Suburban
732,1,Male,Rural
733,4,Female,Urban
734,2,Male,Suburban
735,3,Female,Urban
736,1,Male,Suburban
737,3,Female,Suburban
738,4,Male,Suburban
739,4,Female,Urban
740,2,Male,Suburban
741,3,Male,Urban
742,3,Female,Urban
743,3,Female,Urban
744,2,Male,Rural
745,4,Female,Urban
746,1,Male,Rural
747,2,Male,Urban
748,2,Male,Suburban
749,4,Female,Suburban
750,3,Male,Suburban
751,2,Male,Suburban
752,4,Male,Suburban
753,3,Female,Rural
754,4,Male,Suburban
755,3,Female,Urban
756,4,Female,Urban
757,2,Female,Suburban
758,1,Female,Urban
759,1,Male,Suburban
760,1,Male,Suburban
761,1,Female,Urban
762,1,Male,Suburban
763,1,Male,Suburban
764,2,Male,Suburban
765,4,Female,Suburban
766,4,Female,Rural
767,3,Male,Suburban
768,2,Female,Rural
769,4,Female,Urban
770,1,Female,Suburban
771,4,Female,Suburban
772,2,Female,Urban
773,4,Male,Urban
774,1,Female,Suburban
775,2,Male,Urban
776,1,Male,Rural
777,1,Female,Urban
778,3,Female,Urban
779,4,Male,Suburban
780,2,Female,Urban
781,4,Male,Urban
782,3,Male,Suburban
783,2,Male,Suburban
784,4,Female,Urban
785,3,Male,Suburban
786,4,Male,Suburban
787,1,Female,Suburban
788,2,Male,Urban
789,3,Female,Urban
790,4,Male,Rural
791,4,Male,Suburban
792,2,Female,Urban
793,3,Male,Rural
794,3,Male,Urban
795,2,Male,Suburban
796,4,Male,Suburban
797,3,Male,Rural
798,2,Male,Rural
799,3,Female,Urban
800,3,Male,Suburban
801,2,Male,Urban
802,2,Male,Suburban
803,3,Female,Suburban
804,4,Female,Urban
805,2,Female,Urban
806,1,Male,Urban
807,3,Female,Urban
808,4,Male,Urban
809,2,Female,Rural
810,4,Male,Suburban
811,4,Male,Suburban
812,3,Female,Rural
813,1,Male,Suburban
814,3,Male,Urban
815,3,Male,Rural
816,3,Female,Suburban
817,4,Female,Suburban
818,3,Female,Rural
819,3,Female,Suburban
820,2,Male,Suburban
821,2,Male,Rural
822,3,Male,Urban
823,1,Male,Rural
824,4,Male,Urban
825,1,Male,Urban
826,3,Male,Suburban
827,2,Female,Urban
828,3,Male,Rural
829,4,Female,Urban
830,1,Male,Suburban
831,3,Female,Urban
832,3,Female,Rural
833,2,Female,Urban
834,2,Male,Urban
835,3,Male,Urban
836,1,Female,Suburban
837,2,Female,Rural
838,1,Male,Rural
839,1,Female,Urban
840,4,Male,Urban
841,3,Male,Urban
842,2,Male,Suburban
843,4,Female,Suburban
844,4,Female,Urban
845,3,Male,Suburban
846,1,Female,Rural
847,2,Female,Urban
848,2,Male,Urban
849,2,Female,Urban
850,2,Female,Urban
851,1,Female,Urban
852,4,Male,Suburban
853,2,Female,Urban
854,2,Male,Suburban
855,1,Male,Rural
856,1,Female,Rural
857,4,Female,Suburban
858,2,Female,Urban
859,4,Female,Urban
860,3,Female,Urban
861,3,Female,Rural
862,4,Male,Rural
863,4,Female,Urban
864,2,Male,Urban
865,3,Male,Suburban
866,4,Female,Urban
867,3,Female,Rural
868,3,Male,Urban
869,2,Female,Urban
870,3,Female,Urban
871,3,Male,Urban
872,4,Female,Urban
873,2,Male,Rural
874,2,Female,Urban
875,4,Female,Suburban
876,1,Female,Urban
877,2,Female,Urban
878,2,Female,Urban
879,1,Female,Urban
880,1,Male,Urban
881,4,Male,Urban
882,2,Male,Rural
883,4,Female,Suburban
884,4,Female,Rural
885,4,Male,Urban
886,1,Male,Suburban
887,2,Female,Suburban
888,3,Female,Urban
889,4,Male,Urban
890,4,Female,Suburban
891,4,Female,Suburban
892,2,Female,Urban
893,2,Female,Urban
894,4,Female,Rural
895,2,Female,Urban
896,2,Female,Rural
897,1,Female,Rural
898,4,Male,Rural
899,1,Male,Suburban
900,4,Male,Urban
901,1,Female,Suburban
902,1,Male,Suburban
903,2,Female,Suburban
904,1,Male,Urban
905,2,Male,Urban
906,2,Male,Urban
907,4,Female,Urban
908,4,Male,Suburban
909,3,Female,Rural
910,1,Female,Suburban
911,2,Female,Suburban
912,2,Male,Urban
913,2,Female,Urban
914,3,Female,Urban
915,2,Male,Urban
916,1,Male,Urban
917,3,Female,Urban
918,4,Female,Urban
919,4,Male,Suburban
920,1,Male,Urban
921,3,Male,Urban
922,2,Female,Urban
923,3,Male,Suburban
924,1,Male,Suburban
925,3,Male,Urban
926,1,Male,Urban
927,2,Male,Rural
928,4,Male,Suburban
929,2,Female,Suburban
930,1,Female,Suburban
931,2,Male,Rural
932,2,Male,Rural
933,3,Male,Urban
934,2,Female,Suburban
935,4,Male,Urban
936,4,Male,Suburban
937,4,Female,Urban
938,3,Male,Urban
939,1,Male,Rural
940,4,Male,Rural
941,2,Male,Urban
942,4,Female,Rural
943,4,Female,Urban
944,4,Male,Urban
945,4,Male,Rural
946,2,Male,Urban
947,4,Female,Urban
948,2,Male,Suburban
949,4,Male,Urban
950,3,Female,Urban
951,4,Male,Urban
952,1,Male,Suburban
953,3,Male,Urban
954,2,Female,Urban
955,4,Female,Suburban
956,4,Female,Urban
957,1,Male,Urban
958,3,Female,Suburban
959,2,Female,Suburban
960,2,Male,Urban
961,4,Male,Rural
962,3,Male,Suburban
963,4,Female,Urban
964,1,Male,Suburban
965,1,Male,Suburban
966,3,Female,Suburban
967,1,Male,Suburban
968,2,Female,Suburban
969,4,Male,Rural
970,4,Male,Suburban
971,4,Female,Rural
972,2,Female,Suburban
973,2,Male,Rural
974,3,Female,Rural
975,3,Female,Urban
976,1,Male,Urban
977,2,Female,Suburban
978,2,Male,Urban
979,4,Female,Suburban
980,3,Male,Suburban
981,3,Male,Rural
982,2,Female,Urban
983,2,Female,Suburban
984,2,Male,Urban
985,2,Female,Suburban
986,2,Male,Urban
987,3,Female,Suburban
988,3,Female,Suburban
989,4,Female,Suburban
990,2,Female,Suburban
991,4,Female,Urban
992,2,Female,Urban
993,2,Female,Urban
994,1,Male,Rural
995,3,Female,Rural
996,3,Female,Urban
997,4,Male,Urban
998,2,Female,Urban
999,2,Female,Suburban
1000,3,Male,Urban
1001,2,Male,Urban
1002,1,Male,Urban
1003,4,Female,Urban
1004,3,Female,Urban
1005,2,Female,Urban
1006,3,Female,Suburban
1007,2,Male,Suburban
1008,4,Female,Urban
1009,1,Male,Suburban
1010,4,Male,Urban
1011,4,Male,Suburban
1012,3,Female,Rural
1013,3,Male,Urban
1014,4,Male,Rural
1015,4,Male,Suburban
1016,4,Male,Suburban
1017,3,Female,Urban
1018,1,Female,Urban
1019,3,Female,Urban
1020,1,Female,Rural
1021,1,Female,Suburban
1022,4,Female,Urban
1023,2,Male,Suburban
1024,3,Female,Urban
1025,4,Female,Urban
1026,4,Female,Suburban
1027,2,Male,Suburban
1028,2,Male,Suburban
1029,1,Female,Suburban
1030,3,Female,Suburban
1031,3,Male,Rural
1032,4,Female,Urban
1033,3,Male,Suburban
1034,4,Female,Suburban
1035,2,Male,Urban
1036,1,Male,Urban
1037,2,Female,Urban
1038,1,Female,Urban
1039,4,Male,Suburban
1040,1,Male,Urban
1041,2,Female,Suburban
1042,2,Male,Urban
1043,2,Female,Urban
1044,3,Female,Urban
1045,4,Female,Urban
1046,1,Male,Rural
1047,1,Male,Urban
1048,3,Female,Urban
1049,2,Male,Urban
1050,2,Female,Urban
1051,1,Male,Suburban
1052,3,Female,Suburban
1053,3,Male,Urban
1054,4,Female,Suburban
1055,4,Female,Urban
1056,2,Male,Rural
1057,2,Male,Suburban
1058,2,Male,Urban
1059,4,Male,Suburban
1060,2,Male,Rural
1061,4,Male,Urban
1062,3,Female,Rural
1063,3,Female,Rural
1064,4,Male,Urban
1065,2,Male,Suburban
1066,1,Male,Suburban
1067,2,Female,Suburban
1068,2,Male,Suburban
1069,3,Male,Rural
1070,3,Male,Suburban
1071,3,Female,Suburban
1072,3,Male,Urban
1073,2,Female,Urban
1074,4,Male,Rural
1075,1,Male,Suburban
1076,3,Male,Urban
1077,4,Male,Rural
1078,3,Female,Rural
1079,3,Male,Suburban
1080,4,Male,Urban
1081,2,Male,Suburban
1082,3,Female,Urban
1083,4,Male,Urban
1084,4,Female,Suburban
1085,2,Female,Rural
1086,2,Female,Urban
1087,2,Female,Rural
1088,2,Female,Rural
1089,4,Male,Urban
1090,4,Female,Urban
1091,3,Female,Suburban
1092,2,Male,Suburban
1093,2,Male,Urban
1094,4,Female,Suburban
1095,2,Female,Suburban
1096,1,Female,Suburban
1097,3,Male,Suburban
1098,4,Male,Urban
1099,2,Female,Urban
1100,2,Male,Urban
1101,3,Female,Rural
1102,3,Female,Rural
1103,3,Male,Suburban
1104,1,Female,Urban
1105,2,Male,Suburban
1106,3,Male,Urban
1107,4,Male,Urban
1108,3,Female,Urban
1109,1,Female,Rural
1110,1,Male,Urban
1111,2,Female,Suburban
1112,4,Female,Rural
1113,4,Female,Suburban
1114,1,Female,Urban
1115,2,Female,Rural
1116,4,Female,Suburban
1117,3,Female,Urban
1118,4,Male,Suburban
1119,4,Male,Rural
1120,2,Male,Urban
1121,3,Female,Suburban
1122,3,Female,Urban
1123,2,Female,Urban
1124,4,Male,Suburban
1125,2,Male,Urban
1126,4,Male,Urban
1127,4,Female,Urban
1128,2,Male,Urban
1129,3,Male,Urban
1130,2,Female,Suburban
1131,2,Male,Urban
1132,3,Female,Urban
1133,3,Female,Rural
1134,2,Male,Rural
1135,4,Male,Urban
1136,1,Male,Urban
1137,2,Male,Urban
1138,3,Male,Urban
1139,2,Male,Urban
1140,3,Male,Rural
1141,3,Female,Suburban
1142,1,Male,Urban
1143,2,Female,Rural
1144,1,Female,Urban
1145,2,Male,Urban
1146,3,Female,Urban
1147,2,Male,Urban
1148,1,Female,Rural
1149,4,Male,Urban
1150,1,Female,Suburban
1151,2,Female,Urban
1152,1,Female,Rural
1153,3,Male,Suburban
1154,1,Female,Urban
1155,3,Female,Urban
1156,2,Female,Rural
1157,2,Female,Suburban
1158,2,Male,Urban
1159,3,Male,Rural
1160,4,Female,Urban
1161,1,Female,Urban
1162,3,Female,Suburban
1163,1,Female,Urban
1164,3,Female,Urban
1165,1,Female,Urban
1166,3,Male,Urban
1167,2,Male,Urban
1168,4,Male,Urban
1169,2,Female,Rural
1170,1,Female,Suburban
1171,1,Female,Urban
1172,2,Male,Urban
1173,3,Female,Suburban
1174,4,Female,Urban
1175,2,Female,Urban
1176,3,Male,Suburban
1177,4,Male,Urban
1178,1,Male,Suburban
1179,4,Female,Rural
1180,2,Female,Rural
1181,3,Female,Urban
1182,1,Male,Urban
1183,2,Male,Urban
1184,3,Female,Suburban
1185,4,Male,Rural
1186,3,Female,Rural
1187,1,Male,Urban
1188,4,Female,Rural
1189,4,Female,Suburban
1190,2,Female,Rural
1191,1,Male,Suburban
1192,2,Female,Urban
1193,2,Female,Urban
1194,1,Female,Rural
1195,4,Male,Urban
1196,3,Female,Urban
1197,4,Male,Urban
1198,4,Male,Urban
1199,1,Female,Rural
1200,1,Female,Urban
1201,4,Male,Urban
1202,2,Male,Suburban
1203,2,Female,Suburban
1204,2,Female,Urban
1205,3,Male,Urban
1206,3,Female,Urban
1207,2,Female,Urban
1208,2,Female,Urban
1209,2,Male,Urban
1210,1,Female,Suburban
1211,1,Female,Rural
1212,2,Female,Rural
1213,2,Female,Urban
1214,3,Male,Urban
1215,3,Male,Rural
1216,4,Male,Suburban
1217,1,Male,Suburban
1218,3,Male,Urban
1219,3,Male,Urban
1220,4,Female,Suburban
1221,3,Female,Suburban
1222,2,Female,Urban
1223,4,Female,Rural
1224,3,Male,Suburban
1225,2,Male,Suburban
1226,3,Male,Urban
1227,3,Male,Suburban
1228,3,Male,Suburban
1229,2,Female,Urban
1230,3,Female,Suburban
1231,4,Female,Suburban
1232,4,Male,Rural
1233,2,Female,Urban
1234,1,Female,Rural
1235,2,Male,Urban
1236,2,Male,Urban
1237,4,Female,Urban
1238,2,Male,Urban
1239,1,Female,Urban
1240,2,Male,Urban
1241,4,Male,Suburban
1242,3,Female,Urban
1243,3,Male,Rural
1244,3,Male,Urban
1245,2,Male,Suburban
1246,3,Male,Rural
1247,3,Female,Rural
1248,3,Male,Suburban
1249,4,Male,Suburban
1250,2,Female,Urban
1251,3,Female,Urban
1252,2,Male,Urban
1253,1,Female,Urban
1254,3,Male,Urban
1255,4,Female,Urban
1256,2,Female,Rural
1257,2,Female,Rural
1258,1,Male,Rural
1259,4,Male,Suburban
1260,4,Female,Urban
1261,4,Female,Urban
1262,2,Male,Suburban
1263,2,Male,Suburban
1264,3,Male,Urban
1265,1,Female,Urban
1266,3,Male,Urban
1267,1,Female,Urban
1268,4,Female,Urban
1269,3,Female,Urban
1270,2,Male,Suburban
1271,1,Female,Rural
1272,1,Female,Suburban
1273,4,Male,Suburban
1274,4,Female,Rural
1275,4,Female,Urban
1276,3,Female,Suburban
1277,2,Female,Urban
1278,3,Male,Suburban
1279,1,Female,Urban
1280,3,Female,Rural
1281,2,Male,Rural
1282,4,Female,Urban
1283,4,Male,Urban
1284,4,Female,Urban
1285,4,Female,Suburban
1286,3,Male,Suburban
1287,1,Male,Urban
1288,2,Male,Rural
1289,2,Female,Urban
1290,3,Male,Urban
1291,3,Female,Urban
1292,3,Male,Suburban
1293,4,Female,Urban
1294,2,Female,Urban
1295,2,Male,Urban
1296,4,Female,Rural
1297,3,Female,Suburban
1298,2,Male,Rural
1299,4,Male,Suburban
1300,2,Female,Suburban
1301,2,Male,Urban
1302,1,Male,Suburban
1303,3,Female,Urban
1304,3,Female,Urban
1305,3,Male,Urban
1306,2,Male,Urban
1307,4,Male,Rural
1308,2,Female,Rural
1309,2,Male,Suburban
1310,1,Female,Urban
1311,1,Female,Rural
1312,2,Female,Suburban
1313,3,Female,Urban
1314,2,Female,Suburban
1315,1,Male,Suburban
1316,3,Male,Urban
1317,1,Male,Suburban
1318,2,Female,Suburban
1319,4,Female,Urban
1320,3,Male,Urban
1321,4,Male,Suburban
1322,1,Female,Suburban
1323,2,Female,Rural
1324,2,Male,Rural
1325,4,Female,Suburban
1326,3,Female,Suburban
1327,3,Female,Suburban
1328,1,Male,Suburban
1329,4,Female,Urban
1330,4,Female,Suburban
1331,3,Female,Suburban
1332,4,Male,Suburban
1333,4,Female,Rural
1334,3,Female,Suburban
1335,1,Male,Urban
1336,2,Female,Urban
1337,1,Male,Urban
1338,4,Female,Urban
1339,2,Female,Urban
1340,2,Female,Urban
1341,3,Male,Urban
1342,1,Male,Urban
1343,1,Female,Suburban
1344,2,Male,Suburban
1345,3,Female,Urban
1346,2,Female,Urban
1347,2,Female,Urban
1348,3,Female,Urban
1349,2,Male,Urban
1350,4,Female,Urban
1351,4,Male,Urban
1352,3,Female,Rural
1353,3,Female,Suburban
1354,2,Female,Rural
1355,1,Male,Urban
1356,2,Female,Urban
1357,4,Female,Rural
1358,3,Female,Urban
1359,3,Female,Suburban
1360,2,Female,Rural
1361,4,Female,Suburban
1362,2,Female,Urban
1363,3,Female,Suburban
1364,2,Female,Urban
1365,1,Male,Urban
1366,4,Male,Urban
1367,4,Male,Rural
1368,3,Female,Suburban
1369,1,Female,Urban
1370,2,Male,Urban
1371,2,Male,Suburban
1372,1,Female,Rural
1373,4,Male,Urban
1374,1,Male,Urban
1375,1,Male,Rural
1376,2,Female,Rural
1377,2,Male,Rural
1378,1,Male,Urban
1379,4,Female,Urban
1380,2,Male,Urban
1381,2,Male,Urban
1382,4,Female,Rural
1383,4,Female,Urban
1384,1,Male,Suburban
1385,2,Male,Rural
1386,3,Male,Rural
1387,1,Female,Suburban
1388,2,Female,Rural
1389,1,Male,Urban
1390,1,Female,Urban
1391,2,Female,Urban
1392,3,Male,Rural
1393,2,Male,Rural
1394,2,Female,Urban
1395,1,Female,Urban
1396,1,Female,Urban
1397,2,Male,Urban
1398,3,Male,Rural
1399,1,Male,Urban
1400,2,Male,Suburban
1401,1,Male,Suburban
1402,4,Male,Urban
1403,2,Female,Urban
1404,2,Female,Rural
1405,2,Female,Suburban
1406,2,Female,Urban
1407,1,Male,Urban
1408,4,Female,Rural
1409,2,Male,Rural
1410,2,Female,Rural
1411,4,Female,Suburban
1412,1,Male,Rural
1413,1,Female,Urban
1414,3,Female,Suburban
1415,4,Male,Urban
1416,3,Male,Suburban
1417,3,Female,Rural
1418,4,Male,Rural
1419,4,Female,Suburban
1420,2,Male,Suburban
1421,1,Female,Rural
1422,3,Male,Rural
1423,2,Male,Suburban
1424,1,Female,Urban
1425,4,Male,Urban
1426,4,Female,Rural
1427,1,Male,Suburban
1428,2,Male,Suburban
1429,4,Female,Suburban
1430,2,Male,Urban
1431,4,Male,Urban
1432,1,Female,Rural
1433,3,Female,Urban
1434,4,Female,Suburban
1435,1,Female,Suburban
1436,2,Female,Rural
1437,2,Female,Urban
1438,2,Female,Suburban
1439,2,Male,Urban
1440,1,Female,Urban
1441,1,Male,Urban
1442,1,Female,Urban
1443,3,Male,Rural
1444,4,Female,Rural
1445,1,Female,Urban
1446,2,Female,Rural
1447,3,Female,Suburban
1448,4,Male,Suburban
1449,2,Male,Rural
1450,1,Male,Suburban
1451,2,Female,Urban
1452,4,Female,Urban
1453,3,Male,Urban
1454,4,Male,Rural
1455,1,Male,Suburban
1456,2,Female,Urban
1457,3,Male,Urban
1458,2,Female,Rural
1459,4,Female,Urban
1460,3,Male,Suburban
1461,2,Male,Suburban
1462,4,Female,Urban
1463,4,Male,Urban
1464,2,Female,Urban
1465,3,Female,Urban
1466,3,Female,Suburban
1467,1,Female,Rural
1468,4,Female,Urban
1469,2,Male,Suburban
1470,2,Male,Urban
1471,4,Male,Urban
1472,2,Female,Suburban
1473,2,Female,Suburban
1474,2,Male,Suburban
1475,1,Male,Urban
1476,3,Female,Suburban
1477,2,Male,Urban
1478,3,Female,Rural
1479,3,Female,Suburban
1480,3,Male,Rural
1481,4,Male,Urban
1482,4,Male,Urban
1483,2,Female,Suburban
1484,2,Male,Urban
1485,1,Male,Suburban
1486,1,Female,Suburban
1487,2,Male,Rural
1488,2,Female,Urban
1489,4,Male,Rural
1490,4,Male,Urban
1491,2,Male,Urban
1492,2,Male,Suburban
1493,2,Male,Urban
1494,2,Female,Rural
1495,4,Male,Rural
1496,2,Female,Rural
1497,1,Female,Rural
1498,4,Female,Suburban
1499,2,Female,Urban
1500,2,Male,Rural
1501,2,Male,Urban
1502,3,Female,Rural
1503,3,Female,Urban
1504,1,Male,Suburban
1505,3,Female,Urban
1506,4,Female,Urban
1507,3,Female,Urban
1508,2,Male,Urban
1509,3,Male,Urban
1510,3,Male,Urban
1511,4,Male,Urban
1512,3,Male,Suburban
1513,3,Male,Urban
1514,3,Male,Rural
1515,4,Male,Urban
1516,4,Male,Suburban
1517,4,Male,Urban
1518,2,Male,Suburban
1519,4,Female,Suburban
1520,3,Female,Suburban
1521,1,Female,Urban
1522,1,Female,Suburban
1523,3,Male,Urban
1524,3,Female,Urban
1525,4,Male,Urban
1526,4,Female,Suburban
1527,4,Male,Urban
1528,2,Male,Suburban
1529,1,Male,Urban
1530,3,Male,Urban
1531,2,Female,Urban
1532,1,Female,Urban
1533,4,Male,Suburban
1534,2,Male,Rural
1535,4,Female,Suburban
1536,3,Female,Urban
1537,2,Female,Urban
1538,4,Female,Rural
1539,2,Female,Urban
1540,4,Female,Urban
1541,2,Female,Rural
1542,3,Male,Urban
1543,1,Female,Urban
1544,4,Male,Urban
1545,4,Male,Suburban
1546,4,Female,Urban
1547,4,Male,Suburban
1548,4,Female,Urban
1549,1,Female,Urban
1550,3,Male,Urban
1551,2,Male,Rural
1552,3,Female,Urban
1553,3,Female,Suburban
1554,1,Female,Urban
1555,4,Male,Urban
1556,1,Female,Urban
1557,3,Male,Suburban
1558,1,Male,Urban
1559,1,Male,Rural
1560,2,Male,Rural
1561,4,Female,Suburban
1562,3,Female,Suburban
1563,1,Male,Suburban
1564,1,Female,Suburban
1565,4,Male,Urban
1566,1,Female,Rural
1567,3,Male,Rural
1568,2,Male,Urban
1569,4,Female,Rural
1570,3,Female,Rural
1571,1,Female,Urban
1572,4,Female,Rural
1573,3,Male,Urban
1574,4,Male,Urban
1575,1,Female,Urban
1576,4,Female,Suburban
1577,4,Male,Urban
1578,3,Male,Rural
1579,4,Female,Urban
1580,1,Male,Urban
1581,3,Male,Suburban
1582,2,Female,Urban
1583,3,Male,Suburban
1584,2,Male,Urban
1585,4,Female,Rural
1586,3,Male,Suburban
1587,3,Female,Urban
1588,4,Female,Urban
1589,2,Male,Urban
1590,4,Female,Rural
1591,2,Female,Suburban
1592,4,Male,Urban
1593,3,Female,Urban
1594,3,Male,Rural
1595,2,Male,Urban
1596,4,Female,Suburban
1597,1,Female,Suburban
1598,3,Female,Urban
1599,3,Female,Suburban
1600,1,Female,Urban
1601,4,Male,Urban
1602,4,Male,Rural
1603,4,Female,Suburban
1604,3,Female,Rural
1605,4,Male,Suburban
1606,4,Male,Urban
1607,1,Female,Suburban
1608,3,Male,Suburban
1609,2,Male,Urban
1610,1,Female,Urban
1611,2,Male,Suburban
1612,2,Female,Suburban
1613,1,Female,Urban
1614,2,Female,Rural
1615,3,Female,Urban
1616,4,Female,Urban
1617,4,Female,Urban
1618,2,Male,Rural
1619,3,Female,Urban
1620,4,Female,Urban
1621,3,Male,Urban
1622,4,Male,Suburban
1623,1,Male,Suburban
1624,4,Male,Urban
1625,4,Male,Rural
1626,4,Female,Urban
1627,4,Male,Urban
1628,1,Male,Suburban
1629,4,Male,Suburban
1630,1,Male,Urban
1631,2,Female,Suburban
1632,1,Male,Urban
1633,3,Female,Suburban
1634,3,Male,Suburban
1635,2,Male,Rural
1636,2,Female,Urban
1637,3,Male,Suburban
1638,3,Female,Suburban
1639,2,Female,Urban
1640,3,Female,Urban
1641,2,Male,Rural
1642,2,Male,Urban
1643,3,Male,Suburban
1644,2,Male,Urban
1645,2,Male,Rural
1646,2,Female,Urban
1647,3,Male,Rural
1648,3,Female,Suburban
1649,4,Male,Urban
1650,4,Male,Suburban
1651,1,Female,Suburban
1652,1,Male,Urban
1653,1,Male,Urban
1654,4,Female,Suburban
1655,3,Female,Suburban
1656,2,Female,Urban
1657,1,Female,Rural
1658,2,Female,Urban
1659,2,Female,Urban
1660,4,Female,Suburban
1661,2,Male,Urban
1662,1,Female,Urban
1663,3,Male,Suburban
1664,3,Male,Urban
1665,1,Male,Urban
1666,2,Female,Suburban
1667,4,Male,Suburban
1668,1,Female,Rural
1669,2,Male,Suburban
1670,3,Female,Urban
1671,3,Female,Urban
1672,2,Female,Suburban
1673,3,Male,Urban
1674,4,Female,Urban
1675,1,Male,Rural
1676,1,Female,Suburban
1677,1,Male,Suburban
1678,3,Female,Urban
1679,2,Female,Urban
1680,4,Female,Urban
1681,4,Female,Suburban
1682,4,Male,Urban
1683,4,Female,Urban
1684,2,Male,Urban
1685,2,Female,Suburban
1686,3,Male,Suburban
1687,3,Female,Urban
1688,3,Female,Urban
1689,3,Female,Urban
1690,3,Female,Urban
1691,4,Male,Suburban
1692,4,Female,Urban
1693,2,Female,Suburban
1694,3,Female,Suburban
1695,1,Female,Rural
1696,3,Female,Rural
1697,1,Male,Urban
1698,2,Female,Urban
1699,1,Female,Urban
1700,4,Female,Suburban
1701,4,Male,Urban
1702,2,Female,Urban
1703,2,Female,Urban
1704,4,Male,Urban
1705,1,Male,Suburban
1706,4,Male,Suburban
1707,4,Female,Suburban
1708,3,Male,Rural
1709,2,Female,Urban
1710,1,Female,Urban
1711,4,Male,Urban
1712,3,Male,Suburban
1713,4,Male,Suburban
1714,1,Female,Urban
1715,1,Male,Rural
1716,1,Male,Urban
1717,3,Male,Urban
1718,3,Male,Suburban
1719,2,Female,Rural
1720,4,Female,Suburban
1721,1,Male,Rural
1722,1,Male,Urban
1723,2,Male,Suburban
1724,4,Female,Rural
1725,2,Male,Suburban
1726,1,Female,Urban
1727,4,Female,Rural
1728,3,Male,Urban
1729,2,Male,Urban
1730,4,Male,Rural
1731,1,Female,Rural
1732,2,Male,Rural
1733,2,Male,Rural
1734,2,Male,Urban
1735,1,Male,Rural
1736,2,Male,Urban
1737,4,Female,Suburban
1738,1,Male,Urban
1739,1,Male,Rural
1740,4,Male,Suburban
1741,2,Female,Rural
1742,2,Male,Urban
1743,3,Male,Urban
1744,4,Male,Urban
1745,4,Female,Urban
1746,2,Female,Suburban
1747,3,Female,Urban
1748,2,Female,Suburban
1749,3,Female,Urban
1750,3,Male,Urban
1751,2,Male,Suburban
1752,2,Male,Urban
1753,1,Female,Urban
1754,1,Female,Urban
1755,3,Female,Urban
1756,1,Female,Suburban
1757,2,Male,Urban
1758,4,Male,Urban
1759,1,Male,Suburban
1760,4,Female,Suburban
1761,4,Female,Suburban
1762,1,Male,Urban
1763,3,Male,Rural
1764,3,Female,Urban
1765,3,Female,Urban
1766,1,Female,Rural
1767,3,Female,Suburban
1768,1,Male,Suburban
1769,4,Male,Rural
1770,3,Female,Urban
1771,2,Female,Rural
1772,1,Female,Suburban
1773,3,Female,Urban
1774,2,Female,Urban
1775,2,Male,Urban
1776,4,Male,Rural
1777,1,Female,Urban
1778,1,Female,Urban
1779,2,Male,Suburban
1780,4,Female,Suburban
1781,2,Male,Urban
1782,1,Male,Rural
1783,1,Female,Suburban
1784,1,Female,Rural
1785,2,Male,Urban
1786,3,Male,Urban
1787,4,Female,Suburban
1788,3,Female,Urban
1789,1,Male,Suburban
1790,3,Female,Urban
1791,4,Male,Suburban
1792,3,Female,Rural
1793,2,Male,Rural
1794,3,Female,Rural
1795,2,Female,Rural
1796,3,Female,Urban
1797,4,Female,Urban
1798,3,Female,Rural
1799,1,Female,Rural
1800,2,Female,Rural
1801,2,Female,Suburban
1802,1,Female,Urban
1803,3,Female,Rural
1804,4,Female,Rural
1805,2,Female,Suburban
1806,2,Male,Rural
1807,4,Female,Suburban
1808,1,Male,Rural
1809,4,Female,Urban
1810,4,Male,Rural
1811,2,Female,Urban
1812,2,Male,Urban
1813,1,Female,Urban
1814,2,Female,Urban
1815,3,Male,Urban
1816,3,Female,Rural
1817,1,Male,Suburban
1818,3,Female,Rural
1819,4,Female,Urban
1820,3,Male,Urban
1821,1,Male,Suburban
1822,2,Male,Suburban
1823,2,Male,Suburban
1824,2,Male,Rural
1825,3,Female,Rural
1826,4,Female,Suburban
1827,3,Male,Rural
1828,2,Male,Suburban
1829,2,Male,Suburban
1830,4,Female,Urban
1831,2,Male,Urban
1832,3,Male,Urban
1833,4,Male,Suburban
1834,2,Male,Suburban
1835,2,Female,Urban
1836,2,Male,Suburban
1837,3,Female,Urban
1838,1,Female,Urban
1839,4,Female,Rural
1840,1,Male,Urban
1841,3,Female,Urban
1842,2,Male,Urban
1843,4,Female,Urban
1844,4,Female,Suburban
1845,2,Male,Rural
1846,4,Female,Suburban
1847,3,Female,Suburban
1848,3,Female,Urban
1849,2,Male,Suburban
1850,2,Female,Urban
1851,4,Male,Urban
1852,4,Male,Rural
1853,3,Female,Urban
1854,1,Male,Urban
1855,2,Female,Urban
1856,2,Male,Rural
1857,1,Male,Urban
1858,4,Male,Urban
1859,3,Female,Rural
1860,3,Female,Urban
1861,1,Male,Rural
1862,4,Female,Urban
1863,4,Male,Suburban
1864,3,Female,Rural
1865,3,Male,Suburban
1866,4,Female,Suburban
1867,1,Male,Urban
1868,2,Male,Suburban
1869,2,Female,Rural
1870,3,Female,Suburban
1871,2,Male,Rural
1872,2,Female,Suburban
1873,3,Female,Suburban
1874,1,Male,Urban
1875,2,Male,Suburban
1876,3,Female,Rural
1877,1,Female,Suburban
1878,4,Female,Urban
1879,4,Female,Suburban
1880,4,Female,Suburban
1881,3,Female,Rural
1882,1,Female,Urban
1883,4,Male,Urban
1884,4,Female,Urban
1885,2,Female,Urban
1886,2,Male,Rural
1887,1,Female,Urban
1888,4,Female,Suburban
1889,4,Male,Urban
1890,1,Male,Urban
1891,4,Male,Rural
1892,2,Male,Urban
1893,3,Male,Urban
1894,3,Male,Urban
1895,4,Male,Rural
1896,1,Male,Rural
1897,2,Male,Urban
1898,3,Female,Suburban
1899,1,Male,Urban
1900,3,Female,Suburban
1901,3,Male,Urban
1902,3,Female,Rural
1903,1,Female,Rural
1904,3,Female,Urban
1905,2,Male,Urban
1906,1,Female,Urban
1907,4,Male,Urban
1908,4,Male,Urban
1909,2,Female,Urban
1910,2,Male,Rural
1911,3,Male,Urban
1912,3,Female,Rural
1913,2,Male,Urban
1914,4,Female,Suburban
1915,1,Male,Urban
1916,3,Male,Rural
1917,3,Male,Urban
1918,2,Male,Urban
1919,4,Male,Suburban
1920,3,Male,Suburban
1921,4,Male,Suburban
1922,3,Male,Urban
1923,2,Male,Urban
1924,4,Female,Rural
1925,4,Female,Suburban
1926,2,Female,Suburban
1927,2,Female,Urban
1928,3,Male,Urban
1929,1,Male,Rural
1930,4,Female,Suburban
1931,4,Male,Urban
1932,1,Female,Rural
1933,2,Male,Suburban
1934,1,Male,Urban
1935,1,Female,Urban
1936,2,Female,Suburban
1937,3,Female,Urban
1938,4,Male,Suburban
1939,4,Male,Suburban
1940,3,Female,Urban
1941,3,Male,Rural
1942,4,Female,Urban
1943,2,Male,Urban
1944,2,Female,Suburban
1945,4,Female,Suburban
1946,3,Male,Urban
1947,2,Female,Suburban
1948,4,Male,Rural
1949,3,Male,Rural
1950,4,Female,Rural
1951,2,Female,Urban
1952,1,Male,Urban
1953,2,Male,Suburban
1954,3,Male,Urban
1955,1,Female,Suburban
1956,3,Female,Urban
1957,4,Female,Urban
1958,2,Male,Urban
1959,3,Male,Urban
1960,2,Male,Urban
1961,4,Male,Suburban
1962,3,Male,Suburban
1963,4,Female,Urban
1964,4,Male,Urban
1965,1,Male,Rural
1966,1,Female,Urban
1967,1,Female,Suburban
1968,2,Female,Suburban
1969,2,Male,Suburban
1970,2,Male,Rural
1971,3,Female,Suburban
1972,3,Female,Rural
1973,4,Male,Rural
1974,3,Female,Urban
1975,2,Male,Urban
1976,3,Male,Urban
1977,2,Male,Urban
1978,2,Female,Suburban
1979,3,Male,Urban
1980,3,Female,Urban
1981,1,Male,Urban
1982,1,Male,Suburban
1983,3,Female,Suburban
1984,1,Female,Rural
1985,4,Male,Urban
1986,1,Male,Urban
1987,3,Male,Rural
1988,4,Male,Suburban
1989,2,Male,Suburban
1990,2,Female,Suburban
1991,3,Male,Urban
1992,2,Female,Rural
1993,4,Female,Suburban
1994,2,Female,Suburban
1995,3,Female,Suburban
1996,4,Female,Urban
1997,3,Male,Urban
1998,2,Male,Suburban
1999,1,Female,Suburban
2000,4,Male,Urban
2001,1,Female,Urban
2002,1,Female,Rural
2003,3,Female,Urban
2004,3,Male,Urban
2005,2,Male,Suburban
2006,2,Male,Rural
2007,4,Male,Suburban
2008,4,Male,Rural
2009,2,Male,Urban
2010,3,Male,Rural
2011,3,Female,Rural
2012,4,Female,Suburban
2013,2,Female,Suburban
2014,3,Male,Urban
2015,1,Male,Urban
2016,2,Female,Urban
2017,3,Male,Urban
2018,2,Male,Rural
2019,3,Female,Urban
2020,4,Female,Suburban
2021,2,Female,Urban
2022,4,Male,Urban
2023,4,Male,Urban
2024,1,Male,Urban
2025,2,Female,Suburban
2026,2,Male,Rural
2027,1,Male,Urban
2028,1,Male,Rural
2029,4,Male,Suburban
2030,4,Male,Suburban
2031,1,Female,Urban
2032,4,Female,Urban
2033,4,Female,Rural
2034,2,Male,Suburban
2035,1,Female,Urban
2036,4,Female,Rural
2037,2,Male,Urban
2038,1,Female,Suburban
2039,2,Male,Urban
2040,2,Female,Rural
2041,3,Male,Urban
2042,1,Male,Urban
2043,4,Male,Suburban
2044,2,Female,Urban
2045,3,Male,Rural
2046,2,Female,Suburban
2047,3,Male,Urban
2048,1,Female,Urban
2049,3,Male,Rural
2050,1,Male,Suburban
2051,2,Male,Rural
2052,2,Male,Urban
2053,4,Male,Rural
2054,2,Male,Suburban
2055,2,Female,Suburban
2056,2,Male,Urban
2057,4,Male,Urban
2058,3,Male,Rural
2059,2,Female,Rural
2060,1,Male,Urban
2061,4,Female,Rural
2062,3,Male,Urban
2063,2,Female,Urban
2064,2,Male,Urban
2065,4,Male,Urban
2066,2,Female,Urban
2067,2,Male,Urban
2068,4,Male,Urban
2069,2,Female,Suburban
2070,4,Male,Rural
2071,3,Female,Suburban
2072,3,Male,Urban
2073,3,Male,Suburban
2074,2,Male,Urban
2075,1,Male,Suburban
2076,2,Male,Suburban
2077,1,Female,Urban
2078,4,Female,Urban
2079,3,Male,Rural
2080,3,Female,Rural
2081,2,Female,Suburban
2082,2,Female,Rural
2083,2,Male,Rural
2084,2,Female,Urban
2085,4,Male,Suburban
2086,3,Female,Urban
2087,3,Female,Urban
2088,2,Male,Urban
2089,4,Male,Rural
2090,3,Male,Suburban
2091,4,Female,Urban
2092,2,Female,Urban
2093,2,Male,Urban
2094,4,Male,Suburban
2095,2,Male,Rural
2096,3,Male,Urban
2097,4,Female,Urban
2098,1,Male,Suburban
2099,2,Male,Urban
2100,2,Female,Suburban
2101,2,Male,Urban
2102,3,Female,Urban
2103,1,Female,Urban
2104,2,Male,Rural
2105,4,Female,Urban
2106,4,Female,Urban
2107,4,Female,Suburban
2108,2,Male,Rural
2109,2,Male,Urban
2110,4,Male,Urban
2111,2,Male,Suburban
2112,2,Male,Urban
2113,4,Female,Suburban
2114,3,Female,Urban
2115,4,Male,Urban
2116,4,Male,Urban
2117,2,Male,Suburban
2118,2,Male,Urban
2119,3,Female,Urban
2120,3,Male,Urban
2121,2,Male,Suburban
2122,3,Female,Urban
2123,1,Male,Suburban
2124,3,Male,Suburban
2125,4,Male,Urban
2126,2,Female,Rural
2127,2,Male,Rural
2128,3,Female,Urban
2129,3,Female,Urban
2130,4,Male,Urban
2131,4,Female,Urban
2132,2,Female,Suburban
2133,2,Male,Rural
2134,3,Female,Rural
2135,3,Male,Urban
2136,2,Male,Urban
2137,2,Female,Urban
2138,2,Male,Suburban
2139,2,Male,Urban
2140,4,Male,Rural
2141,4,Male,Rural
2142,1,Female,Urban
2143,2,Female,Suburban
2144,2,Male,Suburban
2145,1,Female,Rural
2146,1,Male,Urban
2147,4,Male,Urban
2148,1,Female,Suburban
2149,4,Female,Urban
2150,4,Male,Suburban
2151,4,Male,Urban
2152,3,Female,Suburban
2153,2,Female,Rural
2154,4,Male,Urban
2155,2,Female,Urban
2156,3,Female,Suburban
2157,2,Female,Urban
2158,1,Male,Suburban
2159,3,Female,Suburban
2160,2,Female,Urban
2161,1,Female,Rural
2162,4,Male,Suburban
2163,2,Male,Suburban
2164,3,Female,Urban
2165,2,Male,Urban
2166,1,Female,Urban
2167,3,Female,Rural
2168,4,Male,Rural
2169,2,Female,Rural
2170,3,Female,Urban
2171,2,Male,Suburban
2172,3,Female,Suburban
2173,2,Female,Suburban
2174,4,Male,Urban
2175,2,Female,Rural
2176,4,Male,Urban
2177,2,Male,Urban
2178,2,Female,Rural
2179,3,Male,Urban
2180,3,Male,Urban
2181,4,Male,Suburban
2182,2,Female,Rural
2183,2,Male,Urban
2184,1,Female,Suburban
2185,2,Male,Urban
2186,3,Male,Urban
2187,1,Male,Urban
2188,4,Male,Suburban
2189,3,Male,Urban
2190,2,Female,Urban
2191,4,Male,Suburban
2192,4,Female,Suburban
2193,1,Female,Suburban
2194,3,Female,Rural
2195,4,Male,Urban
2196,1,Female,Urban
2197,2,Female,Urban
2198,1,Female,Suburban
2199,1,Female,Urban
2200,4,Male,Urban
2201,3,Female,Urban
2202,3,Male,Urban
2203,4,Female,Rural
2204,4,Female,Suburban
2205,3,Female,Urban
2206,3,Male,Suburban
2207,2,Male,Suburban
2208,1,Female,Urban
2209,3,Female,Urban
2210,3,Male,Suburban
2211,2,Male,Urban
2212,4,Male,Suburban
2213,3,Female,Suburban
2214,2,Male,Suburban
2215,4,Male,Rural
2216,1,Female,Suburban
2217,1,Male,Suburban
2218,2,Female,Urban
2219,3,Male,Suburban
2220,2,Female,Rural
2221,4,Female,Rural
2222,4,Female,Rural
2223,4,Male,Urban
2224,1,Male,Suburban
2225,3,Male,Rural
2226,2,Female,Suburban
2227,4,Male,Suburban
2228,4,Male,Suburban
2229,2,Male,Suburban
2230,3,Female,Urban
2231,2,Female,Urban
2232,2,Female,Rural
2233,1,Female,Rural
2234,4,Female,Rural
2235,1,Male,Urban
2236,2,Male,Urban
2237,3,Male,Urban
2238,2,Male,Rural
2239,4,Male,Suburban
2240,4,Male,Rural
2241,2,Male,Urban
2242,4,Male,Suburban
2243,3,Female,Suburban
2244,3,Female,Urban
2245,2,Female,Rural
2246,2,Male,Suburban
2247,1,Male,Urban
2248,1,Female,Urban
2249,2,Female,Rural
2250,4,Male,Suburban
2251,1,Male,Suburban
2252,3,Male,Suburban
2253,2,Female,Urban
2254,3,Male,Suburban
2255,4,Female,Rural
2256,4,Male,Urban
2257,1,Female,Suburban
2258,1,Female,Urban
2259,3,Female,Urban
2260,3,Male,Urban
2261,3,Female,Rural
2262,2,Female,Urban
2263,3,Male,Urban
2264,1,Male,Suburban
2265,2,Male,Urban
2266,2,Male,Suburban
2267,4,Male,Rural
2268,3,Female,Urban
2269,2,Female,Urban
2270,1,Female,Rural
2271,2,Female,Urban
2272,3,Female,Urban
2273,4,Female,Rural
2274,4,Male,Rural
2275,1,Female,Suburban
2276,1,Male,Suburban
2277,3,Male,Rural
2278,3,Male,Suburban
2279,4,Female,Suburban
2280,4,Male,Rural
2281,2,Female,Suburban
2282,4,Female,Suburban
2283,2,Male,Urban
2284,4,Male,Suburban
2285,3,Male,Suburban
2286,4,Female,Urban
2287,4,Male,Urban
2288,2,Female,Rural
2289,4,Male,Urban
2290,1,Female,Urban
2291,2,Female,Urban
2292,3,Female,Urban
2293,4,Female,Suburban
2294,1,Male,Urban
2295,1,Female,Urban
2296,2,Male,Rural
2297,3,Male,Urban
2298,1,Male,Urban
2299,4,Female,Rural
2300,1,Female,Suburban
2301,2,Female,Suburban
2302,2,Male,Rural
2303,2,Male,Rural
2304,4,Female,Urban
2305,2,Female,Suburban
2306,2,Female,Suburban
2307,2,Male,Urban
2308,3,Male,Rural
2309,4,Male,Urban
2310,4,Female,Rural
2311,3,Male,Suburban
2312,1,Female,Suburban
2313,1,Male,Urban
2314,2,Male,Rural
2315,1,Female,Suburban
2316,4,Male,Urban
2317,1,Male,Urban
2318,1,Female,Suburban
2319,3,Male,Urban
2320,4,Female,Suburban
2321,3,Male,Suburban
2322,3,Male,Urban
2323,2,Male,Suburban
2324,4,Male,Urban
2325,3,Male,Rural
2326,2,Female,Rural
2327,1,Male,Urban
2328,4,Male,Suburban
2329,1,Female,Suburban
2330,2,Male,Rural
2331,2,Male,Urban
2332,4,Female,Suburban
2333,3,Female,Rural
2334,1,Male,Urban
2335,2,Male,Suburban
2336,1,Male,Urban
2337,2,Female,Suburban
2338,2,Male,Urban
2339,4,Female,Rural
2340,1,Male,Urban
2341,2,Male,Urban
2342,1,Female,Rural
2343,2,Male,Rural
2344,2,Male,Suburban
2345,2,Female,Suburban
2346,4,Female,Urban
2347,4,Male,Suburban
2348,4,Female,Urban
2349,4,Female,Urban
2350,3,Female,Rural
2351,4,Male,Suburban
2352,1,Female,Urban
2353,4,Male,Urban
2354,1,Female,Rural
2355,1,Female,Urban
2356,3,Male,Urban
2357,4,Female,Urban
2358,2,Male,Urban
2359,1,Male,Urban
2360,1,Female,Rural
2361,1,Female,Urban
2362,1,Female,Suburban
2363,2,Female,Suburban
2364,2,Female,Suburban
2365,4,Male,Suburban
2366,4,Female,Suburban
2367,3,Male,Suburban
2368,2,Male,Suburban
2369,3,Male,Suburban
2370,4,Male,Suburban
2371,1,Male,Suburban
2372,3,Female,Urban
2373,1,Female,Suburban
2374,1,Male,Suburban
2375,1,Male,Urban
2376,1,Female,Rural
2377,2,Male,Urban
2378,1,Female,Urban
2379,2,Female,Rural
2380,2,Male,Urban
2381,1,Female,Urban
2382,2,Female,Urban
2383,3,Female,Rural
2384,2,Male,Urban
2385,3,Female,Suburban
2386,3,Female,Suburban
2387,1,Male,Suburban
2388,2,Female,Rural
2389,2,Female,Rural
2390,2,Male,Urban
2391,2,Male,Rural
2392,4,Female,Suburban
2393,3,Male,Urban
2394,3,Female,Urban
2395,4,Male,Suburban
2396,4,Female,Urban
2397,2,Female,Suburban
2398,4,Female,Urban
2399,2,Female,Suburban
2400,3,Male,Urban
2401,4,Male,Rural
2402,4,Female,Urban
2403,1,Female,Urban
2404,2,Male,Urban
2405,1,Female,Urban
2406,2,Female,Suburban
2407,3,Male,Suburban
2408,3,Male,Urban
2409,4,Female,Rural
2410,1,Female,Urban
2411,4,Male,Urban
2412,4,Female,Suburban
2413,2,Female,Suburban
2414,2,Male,Suburban
2415,1,Male,Urban
2416,4,Female,Urban
2417,1,Male,Suburban
2418,4,Male,Urban
2419,2,Male,Urban
2420,1,Female,Rural
2421,2,Male,Suburban
2422,2,Female,Urban
2423,2,Female,Urban
2424,1,Male,Suburban
2425,3,Male,Urban
2426,3,Male,Urban
2427,2,Male,Urban
2428,1,Female,Suburban
2429,4,Female,Suburban
2430,1,Female,Urban
2431,2,Female,Urban
2432,4,Female,Suburban
2433,1,Female,Suburban
2434,3,Female,Suburban
2435,3,Male,Urban
2436,4,Female,Suburban
2437,4,Male,Rural
2438,3,Female,Suburban
2439,2,Male,Urban
2440,2,Female,Suburban
2441,1,Female,Urban
2442,2,Male,Urban
2443,3,Female,Urban
2444,3,Female,Rural
2445,1,Female,Urban
2446,2,Male,Rural
2447,4,Female,Suburban
2448,1,Female,Suburban
2449,4,Male,Urban
2450,2,Male,Suburban
2451,3,Female,Urban
2452,2,Male,Urban
2453,2,Male,Urban
2454,2,Female,Urban
2455,4,Male,Suburban
2456,2,Male,Urban
2457,1,Male,Urban
2458,3,Male,Rural
2459,4,Male,Urban
2460,4,Female,Urban
2461,2,Female,Urban
2462,2,Female,Urban
2463,3,Male,Suburban
2464,1,Male,Urban
2465,4,Female,Urban
2466,3,Male,Suburban
2467,2,Female,Urban
2468,3,Male,Rural
2469,4,Female,Rural
2470,2,Female,Urban
2471,2,Female,Urban
2472,1,Male,Urban
2473,3,Male,Urban
2474,4,Female,Urban
2475,2,Male,Suburban
2476,1,Female,Urban
2477,4,Male,Urban
2478,3,Female,Urban
2479,4,Male,Rural
2480,2,Female,Rural
2481,2,Female,Urban
2482,3,Female,Suburban
2483,2,Male,Urban
2484,1,Male,Suburban
2485,2,Male,Suburban
2486,2,Female,Rural
2487,4,Male,Urban
2488,4,Female,Urban
2489,3,Male,Rural
2490,4,Male,Urban
2491,2,Female,Urban
2492,2,Male,Suburban
2493,2,Male,Suburban
2494,4,Female,Suburban
2495,3,Female,Suburban
2496,4,Female,Suburban
2497,3,Female,Urban
2498,3,Female,Suburban
2499,4,Female,Suburban
2500,2,Male,Rural
2501,4,Male,Urban
2502,4,Male,Urban
2503,3,Female,Suburban
2504,2,Female,Urban
2505,1,Male,Urban
2506,1,Female,Rural
2507,4,Male,Suburban
2508,4,Female,Urban
2509,3,Female,Urban
2510,4,Female,Urban
2511,4,Female,Suburban
2512,1,Female,Urban
2513,2,Male,Urban
2514,4,Male,Urban
2515,3,Female,Urban
2516,1,Male,Urban
2517,4,Male,Urban
2518,1,Male,Suburban
2519,3,Female,Urban
2520,3,Female,Urban
2521,2,Female,Urban
2522,4,Female,Urban
2523,2,Female,Urban
2524,2,Female,Urban
2525,4,Female,Urban
2526,3,Male,Urban
2527,1,Female,Suburban
2528,4,Male,Urban
2529,1,Female,Suburban
2530,2,Female,Suburban
2531,3,Female,Urban
2532,4,Female,Urban
2533,3,Female,Urban
2534,1,Female,Urban
2535,4,Male,Suburban
2536,1,Male,Urban
2537,3,Female,Rural
2538,2,Female,Urban
2539,1,Male,Suburban
2540,3,Female,Suburban
2541,2,Female,Suburban
2542,3,Female,Rural
2543,3,Male,Rural
2544,1,Female,Urban
2545,3,Male,Urban
2546,3,Male,Urban
2547,2,Female,Urban
2548,3,Female,Suburban
2549,2,Male,Urban
2550,2,Male,Urban
2551,2,Male,Suburban
2552,4,Female,Urban
2553,2,Female,Suburban
2554,1,Male,Urban
2555,4,Male,Suburban
2556,2,Female,Suburban
2557,3,Male,Urban
2558,3,Male,Suburban
2559,2,Male,Urban
2560,4,Female,Suburban
2561,3,Male,Suburban
2562,4,Male,Urban
2563,1,Male,Suburban
2564,2,Male,Rural
2565,4,Male,Suburban
2566,3,Male,Suburban
2567,4,Male,Suburban
2568,1,Male,Urban
2569,1,Male,Suburban
2570,4,Female,Rural
2571,1,Male,Urban
2572,4,Female,Urban
2573,4,Female,Urban
2574,3,Female,Urban
2575,4,Female,Urban
2576,3,Female,Urban
2577,2,Male,Suburban
2578,1,Male,Urban
2579,4,Male,Urban
2580,2,Female,Suburban
2581,3,Female,Urban
2582,1,Female,Urban
2583,3,Female,Suburban
2584,4,Male,Rural
2585,1,Male,Suburban
2586,4,Male,Urban
2587,2,Male,Urban
2588,2,Female,Rural
2589,3,Male,Suburban
2590,3,Female,Suburban
2591,1,Female,Suburban
2592,1,Male,Urban
2593,2,Female,Urban
2594,3,Male,Suburban
2595,3,Female,Rural
2596,1,Female,Urban
2597,2,Male,Suburban
2598,2,Female,Urban
2599,1,Male,Rural
2600,2,Female,Urban
2601,2,Male,Suburban
2602,2,Male,Urban
2603,2,Male,Suburban
2604,2,Male,Suburban
2605,1,Male,Urban
2606,3,Female,Rural
2607,3,Female,Rural
2608,3,Female,Rural
2609,4,Male,Urban
2610,4,Male,Suburban
2611,2,Female,Suburban
2612,2,Male,Suburban
2613,3,Male,Urban
2614,3,Male,Suburban
2615,2,Male,Urban
2616,3,Male,Urban
2617,2,Female,Urban
2618,1,Male,Urban
2619,1,Female,Urban
2620,2,Male,Urban
2621,3,Male,Suburban
2622,2,Female,Suburban
2623,4,Female,Urban
2624,2,Male,Suburban
2625,1,Male,Rural
2626,3,Female,Rural
2627,3,Male,Rural
2628,1,Female,Rural
2629,4,Male,Suburban
2630,1,Female,Rural
2631,1,Male,Rural
2632,2,Female,Urban
2633,3,Female,Rural
2634,2,Male,Suburban
2635,4,Male,Suburban
2636,1,Female,Rural
2637,2,Female,Urban
2638,2,Male,Urban
2639,3,Female,Suburban
2640,1,Female,Suburban
2641,2,Male,Rural
2642,3,Female,Rural
2643,1,Male,Suburban
2644,1,Female,Rural
2645,1,Male,Urban
2646,2,Female,Rural
2647,4,Female,Urban
2648,3,Female,Suburban
2649,2,Female,Urban
2650,4,Female,Suburban
2651,3,Female,Urban
2652,1,Female,Urban
2653,2,Male,Suburban
2654,3,Male,Suburban
2655,2,Male,Urban
2656,3,Female,Suburban
2657,4,Female,Urban
2658,2,Male,Urban
2659,4,Male,Urban
2660,4,Female,Suburban
2661,4,Female,Suburban
2662,3,Female,Suburban
2663,3,Male,Rural
2664,4,Male,Suburban
2665,3,Male,Suburban
2666,2,Female,Rural
2667,3,Female,Urban
2668,4,Female,Urban
2669,3,Male,Urban
2670,3,Male,Suburban
2671,2,Female,Suburban
2672,3,Female,Urban
2673,4,Male,Rural
2674,4,Female,Rural
2675,2,Female,Urban
2676,4,Male,Urban
2677,4,Female,Urban
2678,4,Female,Urban
2679,4,Female,Rural
2680,4,Male,Suburban
2681,1,Female,Urban
2682,2,Male,Urban
2683,4,Female,Urban
2684,4,Male,Urban
2685,3,Female,Urban
2686,3,Female,Suburban
2687,1,Male,Suburban
2688,3,Male,Rural
2689,4,Male,Urban
2690,4,Female,Suburban
2691,3,Female,Urban
2692,4,Female,Urban
2693,3,Male,Rural
2694,3,Male,Suburban
2695,2,Male,Urban
2696,1,Female,Urban
2697,2,Female,Suburban
2698,1,Male,Rural
2699,3,Male,Suburban
2700,1,Female,Urban
2701,4,Female,Urban
2702,3,Male,Urban
2703,2,Female,Urban
2704,3,Male,Suburban
2705,1,Male,Suburban
2706,3,Male,Urban
2707,1,Female,Suburban
2708,2,Female,Suburban
2709,2,Male,Suburban
2710,4,Female,Urban
2711,3,Female,Urban
2712,4,Female,Urban
2713,3,Female,Urban
2714,2,Male,Urban
2715,2,Male,Urban
2716,4,Male,Urban
2717,1,Male,Urban
2718,4,Male,Rural
2719,2,Male,Suburban
2720,3,Female,Urban
2721,4,Male,Rural
2722,4,Male,Urban
2723,2,Male,Urban
2724,4,Male,Rural
2725,2,Female,Urban
2726,3,Female,Urban
2727,1,Male,Urban
2728,2,Female,Suburban
2729,2,Female,Suburban
2730,4,Female,Urban
2731,2,Male,Urban
2732,3,Female,Urban
2733,1,Female,Suburban
2734,2,Female,Urban
2735,1,Male,Rural
2736,3,Female,Suburban
2737,4,Male,Urban
2738,2,Male,Suburban
2739,3,Female,Urban
2740,2,Female,Urban
2741,3,Male,Urban
2742,1,Female,Urban
2743,4,Female,Suburban
2744,2,Female,Rural
2745,2,Male,Urban
2746,1,Male,Urban
2747,4,Female,Suburban
2748,2,Female,Urban
2749,4,Female,Urban
2750,3,Female,Rural
2751,3,Female,Rural
2752,4,Female,Rural
2753,4,Male,Urban
2754,2,Female,Urban
2755,4,Male,Urban
2756,3,Female,Rural
2757,3,Male,Urban
2758,1,Female,Urban
2759,4,Male,Urban
2760,1,Male,Suburban
2761,2,Male,Suburban
2762,4,Male,Suburban
2763,2,Female,Urban
2764,1,Male,Suburban
2765,1,Female,Urban
2766,1,Female,Urban
2767,3,Female,Urban
2768,3,Male,Suburban
2769,1,Male,Urban
2770,1,Male,Rural
2771,4,Male,Urban
2772,2,Male,Urban
2773,1,Female,Suburban
2774,3,Male,Suburban
2775,2,Male,Urban
2776,2,Male,Suburban
2777,2,Male,Urban
2778,4,Male,Urban
2779,1,Male,Suburban
2780,3,Female,Suburban
2781,2,Female,Urban
2782,1,Female,Urban
2783,2,Female,Suburban
2784,1,Female,Urban
2785,1,Male,Rural
2786,2,Male,Suburban
2787,3,Male,Rural
2788,4,Male,Urban
2789,3,Male,Rural
2790,4,Male,Urban
2791,2,Male,Urban
2792,3,Female,Urban
2793,4,Female,Urban
2794,3,Female,Rural
2795,1,Male,Suburban
2796,2,Male,Suburban
2797,3,Female,Suburban
2798,4,Male,Suburban
2799,3,Male,Suburban
2800,2,Male,Rural
2801,4,Male,Suburban
2802,4,Female,Suburban
2803,1,Female,Urban
2804,3,Male,Rural
2805,3,Male,Urban
2806,3,Female,Urban
2807,4,Female,Rural
2808,1,Female,Urban
2809,4,Male,Urban
2810,2,Female,Urban
2811,4,Female,Urban
2812,3,Female,Rural
2813,1,Male,Rural
2814,4,Female,Urban
2815,2,Male,Rural
2816,2,Male,Suburban
2817,4,Female,Rural
2818,4,Female,Urban
2819,3,Male,Urban
2820,2,Male,Urban
2821,2,Male,Urban
2822,3,Male,Suburban
2823,2,Female,Urban
2824,3,Male,Suburban
2825,3,Female,Suburban
2826,1,Male,Urban
2827,4,Female,Urban
2828,2,Female,Suburban
2829,3,Female,Rural
2830,1,Female,Urban
2831,3,Female,Rural
2832,3,Female,Rural
2833,2,Female,Suburban
2834,4,Male,Urban
2835,4,Female,Suburban
2836,1,Female,Rural
2837,3,Male,Urban
2838,1,Female,Rural
2839,3,Male,Rural
2840,4,Female,Urban
2841,4,Female,Suburban
2842,1,Female,Suburban
2843,4,Female,Suburban
2844,2,Male,Rural
2845,1,Male,Urban
2846,3,Female,Urban
2847,2,Male,Urban
2848,1,Female,Rural
2849,2,Male,Urban
2850,1,Female,Rural
2851,2,Female,Urban
2852,4,Female,Urban
2853,3,Female,Rural
2854,2,Male,Suburban
2855,2,Male,Urban
2856,3,Male,Urban
2857,2,Female,Urban
2858,3,Female,Urban
2859,1,Female,Urban
2860,2,Male,Suburban
2861,2,Female,Urban
2862,3,Male,Urban
2863,2,Male,Urban
2864,3,Male,Urban
2865,4,Female,Rural
2866,1,Male,Urban
2867,2,Female,Urban
2868,2,Female,Suburban
2869,3,Female,Rural
2870,1,Female,Suburban
2871,1,Male,Rural
2872,1,Male,Rural
2873,2,Female,Suburban
2874,2,Female,Rural
2875,1,Female,Urban
2876,4,Female,Rural
2877,2,Male,Rural
2878,2,Male,Rural
2879,1,Male,Urban
2880,1,Male,Suburban
2881,4,Female,Urban
2882,3,Female,Suburban
2883,2,Female,Urban
2884,4,Female,Suburban
2885,2,Male,Suburban
2886,3,Female,Urban
2887,1,Male,Urban
2888,2,Male,Urban
2889,3,Male,Suburban
2890,4,Female,Suburban
2891,3,Female,Suburban
2892,2,Female,Urban
2893,3,Female,Rural
2894,3,Male,Suburban
2895,1,Male,Urban
2896,3,Female,Urban
2897,4,Male,Urban
2898,2,Female,Urban
2899,2,Male,Urban
2900,2,Male,Urban
2901,3,Male,Urban
2902,2,Male,Urban
2903,4,Female,Urban
2904,2,Female,Rural
2905,2,Female,Suburban
2906,1,Female,Urban
2907,1,Male,Suburban
2908,3,Male,Suburban
2909,2,Male,Urban
2910,3,Female,Urban
2911,1,Male,Urban
2912,3,Male,Suburban
2913,4,Female,Urban
2914,4,Female,Urban
2915,4,Female,Suburban
2916,3,Male,Rural
2917,4,Female,Urban
2918,2,Female,Suburban
2919,4,Male,Urban
2920,3,Female,Suburban
2921,4,Female,Suburban
2922,1,Male,Suburban
2923,1,Male,Urban
2924,3,Male,Urban
2925,4,Female,Rural
2926,2,Male,Urban
2927,1,Female,Rural
2928,4,Female,Urban
2929,1,Male,Urban
2930,2,Female,Urban
2931,4,Female,Urban
2932,4,Female,Rural
2933,3,Male,Urban
2934,3,Male,Suburban
2935,2,Female,Suburban
2936,1,Male,Rural
2937,3,Male,Suburban
2938,3,Female,Rural
2939,1,Male,Rural
2940,1,Female,Urban
2941,4,Male,Rural
2942,1,Male,Rural
2943,2,Male,Urban
2944,4,Male,Suburban
2945,4,Male,Urban
2946,4,Male,Suburban
2947,3,Male,Urban
2948,4,Female,Suburban
2949,3,Female,Urban
2950,3,Male,Suburban
2951,3,Male,Urban
2952,2,Male,Suburban
2953,2,Male,Urban
2954,1,Female,Suburban
2955,2,Female,Urban
2956,4,Male,Urban
2957,3,Female,Urban
2958,3,Female,Rural
2959,4,Male,Urban
2960,3,Female,Suburban
2961,2,Male,Urban
2962,1,Female,Suburban
2963,3,Female,Urban
2964,1,Male,Urban
2965,3,Female,Urban
2966,4,Female,Urban
2967,2,Male,Urban
2968,3,Male,Urban
2969,2,Female,Suburban
2970,4,Male,Rural
2971,1,Male,Urban
2972,4,Female,Rural
2973,2,Male,Urban
2974,1,Female,Urban
2975,2,Female,Urban
2976,1,Female,Urban
2977,4,Female,Urban
2978,2,Female,Rural
2979,3,Female,Suburban
2980,3,Female,Suburban
2981,4,Male,Urban
2982,2,Female,Urban
2983,2,Male,Suburban
2984,3,Female,Urban
2985,3,Male,Urban
2986,4,Male,Urban
2987,3,Male,Urban
2988,3,Female,Suburban
2989,3,Male,Urban
2990,1,Male,Urban
2991,3,Female,Rural
2992,4,Female,Rural
2993,3,Female,Urban
2994,3,Male,Urban
2995,1,Female,Suburban
2996,1,Female,Urban
2997,3,Male,Urban
2998,3,Female,Urban
2999,2,Male,Urban
3000,4,Male,Rural
3001,1,Female,Suburban
3002,2,Male,Rural
3003,1,Male,Suburban
3004,4,Male,Suburban
3005,3,Female,Suburban
3006,1,Male,Suburban
3007,4,Male,Urban
3008,4,Female,Urban
3009,4,Female,Suburban
3010,4,Male,Urban
3011,2,Female,Urban
3012,1,Male,Urban
3013,2,Female,Suburban
3014,3,Female,Urban
3015,3,Female,Urban
3016,3,Male,Urban
3017,3,Female,Urban
3018,3,Female,Rural
3019,2,Male,Urban
3020,4,Male,Urban
3021,2,Female,Urban
3022,3,Male,Rural
3023,4,Female,Suburban
3024,4,Male,Urban
3025,2,Female,Urban
3026,3,Female,Suburban
3027,1,Male,Rural
3028,1,Male,Urban
3029,1,Male,Urban
3030,2,Female,Urban
3031,3,Female,Urban
3032,1,Male,Suburban
3033,4,Female,Rural
3034,1,Female,Rural
3035,3,Male,Suburban
3036,1,Female,Urban
3037,2,Male,Rural
3038,3,Female,Urban
3039,2,Male,Urban
3040,4,Male,Suburban
3041,2,Male,Urban
3042,3,Male,Rural
3043,4,Male,Rural
3044,2,Female,Suburban
3045,4,Male,Suburban
3046,2,Female,Urban
3047,2,Male,Urban
3048,3,Male,Suburban
3049,4,Female,Suburban
3050,3,Male,Rural
3051,1,Male,Urban
3052,1,Female,Urban
3053,1,Male,Urban
3054,2,Female,Suburban
3055,3,Male,Suburban
3056,3,Female,Rural
3057,3,Male,Urban
3058,1,Male,Urban
3059,3,Female,Urban
3060,4,Female,Urban
3061,2,Female,Urban
3062,3,Male,Suburban
3063,2,Male,Urban
3064,2,Female,Urban
3065,2,Male,Suburban
3066,4,Male,Rural
3067,1,Male,Urban
3068,3,Female,Urban
3069,2,Male,Suburban
3070,4,Male,Suburban
3071,4,Male,Rural
3072,3,Male,Urban
3073,2,Male,Suburban
3074,1,Male,Rural
3075,4,Male,Urban
3076,4,Male,Urban
3077,1,Female,Rural
3078,1,Female,Urban
3079,4,Male,Suburban
3080,2,Male,Rural
3081,2,Male,Urban
3082,3,Male,Suburban
3083,3,Male,Urban
3084,2,Female,Rural
3085,2,Male,Rural
3086,4,Female,Rural
3087,1,Male,Urban
3088,1,Male,Suburban
3089,3,Male,Rural
3090,4,Male,Suburban
3091,4,Male,Suburban
3092,4,Male,Urban
3093,2,Male,Rural
3094,3,Female,Urban
3095,1,Female,Urban
3096,4,Male,Rural
3097,3,Female,Rural
3098,3,Male,Rural
3099,2,Male,Urban
3100,1,Male,Urban
3101,3,Male,Urban
3102,4,Female,Urban
3103,1,Female,Rural
3104,2,Female,Suburban
3105,4,Female,Urban
3106,2,Female,Urban
3107,2,Male,Urban
3108,1,Male,Rural
3109,1,Male,Suburban
3110,2,Female,Urban
3111,4,Male,Urban
3112,3,Female,Urban
3113,4,Female,Urban
3114,3,Male,Rural
3115,1,Male,Suburban
3116,3,Female,Urban
3117,2,Male,Suburban
3118,3,Male,Urban
3119,4,Male,Urban
3120,2,Female,Suburban
3121,2,Male,Urban
3122,2,Female,Urban
3123,1,Male,Rural
3124,2,Female,Rural
3125,1,Female,Urban
3126,4,Male,Suburban
3127,4,Female,Urban
3128,4,Male,Suburban
3129,1,Male,Urban
3130,3,Female,Suburban
3131,3,Male,Urban
3132,3,Female,Rural
3133,3,Female,Rural
3134,3,Male,Urban
3135,1,Male,Suburban
3136,4,Female,Urban
3137,3,Male,Suburban
3138,2,Male,Urban
3139,2,Male,Urban
3140,3,Male,Suburban
3141,2,Female,Urban
3142,1,Male,Suburban
3143,4,Female,Suburban
3144,4,Female,Urban
3145,3,Female,Urban
3146,2,Female,Suburban
3147,3,Female,Suburban
3148,1,Male,Urban
3149,3,Male,Urban
3150,2,Female,Suburban
3151,4,Male,Suburban
3152,1,Female,Rural
3153,1,Male,Urban
3154,3,Female,Suburban
3155,4,Female,Suburban
3156,3,Male,Urban
3157,1,Female,Urban
3158,4,Male,Urban
3159,3,Male,Rural
3160,4,Female,Urban
3161,3,Female,Suburban
3162,2,Female,Suburban
3163,3,Male,Urban
3164,4,Male,Rural
3165,3,Male,Suburban
3166,1,Female,Urban
3167,1,Male,Suburban
3168,3,Female,Suburban
3169,1,Female,Urban
3170,2,Male,Suburban
3171,1,Female,Suburban
3172,1,Male,Urban
3173,1,Male,Rural
3174,2,Male,Suburban
3175,1,Female,Suburban
3176,3,Female,Urban
3177,3,Female,Urban
3178,2,Female,Urban
3179,1,Female,Suburban
3180,1,Female,Suburban
3181,2,Female,Suburban
3182,3,Male,Urban
3183,3,Male,Suburban
3184,2,Female,Rural
3185,4,Female,Suburban
3186,1,Female,Suburban
3187,3,Female,Rural
3188,2,Female,Urban
3189,2,Female,Suburban
3190,1,Female,Rural
3191,2,Male,Suburban
3192,2,Female,Urban
3193,2,Female,Rural
3194,4,Female,Urban
3195,3,Female,Urban
3196,1,Male,Urban
3197,4,Male,Urban
3198,2,Female,Urban
3199,1,Female,Urban
3200,3,Male,Rural
3201,3,Male,Urban
3202,4,Female,Suburban
3203,3,Male,Rural
3204,2,Female,Rural
3205,3,Male,Urban
3206,4,Male,Urban
3207,2,Female,Suburban
3208,2,Female,Rural
3209,1,Female,Suburban
3210,2,Female,Urban
3211,1,Male,Suburban
3212,1,Female,Suburban
3213,2,Female,Suburban
3214,2,Female,Rural
3215,1,Male,Suburban
3216,3,Female,Suburban
3217,2,Male,Suburban
3218,4,Female,Suburban
3219,3,Female,Suburban
3220,1,Male,Urban
3221,2,Female,Suburban
3222,4,Female,Suburban
3223,4,Female,Urban
3224,1,Female,Urban
3225,2,Female,Suburban
3226,2,Male,Suburban
3227,2,Female,Urban
3228,2,Female,Urban
3229,2,Male,Urban
3230,4,Male,Rural
3231,1,Male,Rural
3232,2,Female,Suburban
3233,1,Male,Urban
3234,2,Female,Suburban
3235,3,Female,Suburban
3236,1,Male,Rural
3237,4,Female,Urban
3238,2,Female,Urban
3239,2,Female,Suburban
3240,3,Female,Urban
3241,1,Male,Suburban
3242,2,Male,Suburban
3243,2,Male,Urban
3244,1,Male,Urban
3245,1,Female,Suburban
3246,1,Male,Rural
3247,2,Female,Urban
3248,3,Female,Urban
3249,4,Male,Suburban
3250,4,Female,Urban
3251,1,Male,Suburban
3252,4,Female,Suburban
3253,2,Male,Urban
3254,4,Male,Suburban
3255,4,Male,Suburban
3256,2,Female,Urban
3257,3,Male,Suburban
3258,2,Female,Rural
3259,4,Male,Suburban
3260,2,Male,Urban
3261,3,Female,Suburban
3262,1,Female,Urban
3263,1,Male,Suburban
3264,3,Male,Suburban
3265,3,Male,Urban
3266,2,Female,Urban
3267,3,Male,Rural
3268,2,Male,Urban
3269,2,Female,Rural
3270,2,Male,Suburban
3271,2,Male,Suburban
3272,1,Female,Urban
3273,4,Male,Urban
3274,4,Male,Urban
3275,2,Male,Suburban
3276,4,Female,Rural
3277,4,Female,Rural
3278,2,Female,Urban
3279,1,Female,Urban
3280,4,Male,Urban
3281,4,Male,Rural
3282,2,Male,Urban
3283,1,Male,Urban
3284,3,Female,Suburban
3285,1,Male,Suburban
3286,4,Female,Urban
3287,4,Female,Suburban
3288,3,Male,Urban
3289,2,Female,Urban
3290,4,Female,Urban
3291,3,Male,Urban
3292,3,Male,Rural
3293,1,Male,Suburban
3294,3,Female,Suburban
3295,2,Female,Urban
3296,3,Male,Suburban
3297,1,Female,Rural
3298,2,Male,Urban
3299,1,Male,Rural
3300,2,Male,Suburban
3301,1,Male,Suburban
3302,2,Male,Urban
3303,3,Male,Suburban
3304,4,Male,Suburban
3305,4,Female,Rural
3306,2,Male,Rural
3307,2,Female,Urban
3308,4,Female,Rural
3309,2,Female,Rural
3310,2,Male,Suburban
3311,2,Female,Urban
3312,3,Male,Urban
3313,3,Male,Urban
3314,2,Female,Urban
3315,4,Male,Rural
3316,4,Female,Urban
3317,2,Male,Suburban
3318,1,Female,Suburban
3319,4,Female,Suburban
3320,2,Female,Urban
3321,2,Female,Suburban
3322,4,Female,Suburban
3323,2,Male,Suburban
3324,2,Male,Urban
3325,1,Male,Suburban
3326,2,Female,Urban
3327,1,Female,Suburban
3328,3,Female,Urban
3329,2,Female,Urban
3330,2,Male,Rural
3331,1,Female,Urban
3332,2,Female,Rural
3333,3,Male,Rural
3334,4,Male,Urban
3335,2,Female,Urban
3336,3,Male,Urban
3337,2,Female,Rural
3338,3,Female,Suburban
3339,2,Female,Urban
3340,2,Female,Suburban
3341,4,Female,Urban
3342,1,Female,Suburban
3343,3,Female,Suburban
3344,3,Male,Urban
3345,2,Female,Rural
3346,3,Female,Urban
3347,1,Female,Suburban
3348,2,Male,Suburban
3349,2,Male,Rural
3350,4,Female,Urban
3351,1,Male,Rural
3352,1,Male,Urban
3353,2,Female,Rural
3354,1,Male,Urban
3355,4,Female,Suburban
3356,3,Male,Urban
3357,3,Male,Rural
3358,4,Female,Rural
3359,4,Male,Urban
3360,1,Female,Suburban
3361,2,Female,Suburban
3362,2,Male,Urban
3363,4,Female,Suburban
3364,4,Male,Suburban
3365,1,Female,Suburban
3366,2,Male,Urban
3367,4,Male,Rural
3368,3,Male,Urban
3369,3,Female,Suburban
3370,2,Male,Urban
3371,3,Female,Urban
3372,4,Male,Urban
3373,2,Male,Urban
3374,3,Female,Suburban
3375,2,Male,Suburban
3376,3,Male,Suburban
3377,4,Female,Suburban
3378,3,Female,Urban
3379,3,Male,Urban
3380,2,Female,Suburban
3381,2,Female,Suburban
3382,4,Male,Suburban
3383,3,Female,Urban
3384,4,Female,Rural
3385,3,Female,Urban
3386,1,Male,Suburban
3387,2,Male,Urban
3388,3,Female,Suburban
3389,4,Female,Urban
3390,4,Male,Suburban
3391,4,Male,Urban
3392,2,Female,Suburban
3393,3,Female,Urban
3394,2,Male,Suburban
3395,4,Male,Urban
3396,4,Female,Urban
3397,3,Female,Suburban
3398,2,Female,Urban
3399,2,Female,Urban
3400,3,Female,Rural
3401,2,Male,Rural
3402,2,Male,Rural
3403,4,Male,Urban
3404,3,Male,Suburban
3405,2,Female,Suburban
3406,3,Female,Urban
3407,2,Male,Suburban
3408,1,Male,Urban
3409,1,Male,Rural
3410,2,Male,Suburban
3411,1,Male,Urban
3412,4,Male,Urban
3413,1,Female,Urban
3414,3,Male,Urban
3415,1,Female,Suburban
3416,2,Male,Suburban
3417,4,Male,Suburban
3418,4,Female,Urban
3419,4,Female,Suburban
3420,3,Male,Urban
3421,3,Male,Urban
3422,1,Male,Rural
3423,4,Male,Suburban
3424,1,Female,Suburban
3425,3,Male,Rural
3426,2,Male,Urban
3427,4,Male,Rural
3428,4,Male,Suburban
3429,3,Male,Suburban
3430,2,Male,Urban
3431,1,Female,Urban
3432,3,Male,Urban
3433,3,Male,Urban
3434,1,Female,Urban
3435,3,Female,Suburban
3436,1,Male,Suburban
3437,3,Male,Urban
3438,2,Female,Suburban
3439,2,Male,Rural
3440,2,Female,Suburban
3441,2,Male,Suburban
3442,3,Male,Suburban
3443,3,Female,Urban
3444,4,Male,Urban
3445,2,Female,Rural
3446,2,Female,Suburban
3447,4,Male,Suburban
3448,2,Male,Rural
3449,2,Male,Urban
3450,4,Female,Urban
3451,4,Male,Suburban
3452,2,Female,Urban
3453,4,Female,Suburban
3454,2,Female,Rural
3455,1,Male,Suburban
3456,4,Male,Urban
3457,2,Female,Suburban
3458,1,Female,Urban
3459,2,Male,Rural
3460,3,Female,Urban
3461,1,Male,Rural
3462,1,Female,Urban
3463,4,Female,Urban
3464,3,Male,Suburban
3465,4,Male,Urban
3466,2,Male,Urban
3467,2,Male,Rural
3468,1,Male,Rural
3469,4,Female,Urban
3470,3,Male,Suburban
3471,3,Male,Rural
3472,2,Male,Rural
3473,3,Male,Urban
3474,2,Female,Urban
3475,2,Male,Rural
3476,1,Female,Urban
3477,1,Male,Urban
3478,3,Female,Suburban
3479,3,Female,Urban
3480,3,Male,Rural
3481,2,Male,Urban
3482,3,Female,Suburban
3483,3,Female,Rural
3484,2,Male,Rural
3485,2,Female,Rural
3486,4,Female,Rural
3487,1,Female,Urban
3488,3,Male,Rural
3489,3,Female,Rural
3490,1,Female,Suburban
3491,4,Female,Urban
3492,3,Male,Urban
3493,4,Female,Suburban
3494,4,Male,Suburban
3495,3,Male,Urban
3496,3,Male,Urban
3497,4,Male,Suburban
3498,1,Female,Urban
3499,3,Female,Rural
3500,3,Male,Urban
3501,1,Male,Urban
3502,4,Male,Urban
3503,3,Female,Rural
3504,1,Male,Rural
3505,1,Male,Urban
3506,4,Female,Urban
3507,1,Female,Urban
3508,4,Male,Urban
3509,3,Male,Suburban
3510,3,Male,Urban
3511,3,Female,Suburban
3512,1,Female,Urban
3513,4,Male,Urban
3514,4,Male,Urban
3515,3,Male,Urban
3516,2,Male,Urban
3517,1,Female,Urban
3518,4,Male,Urban
3519,4,Female,Rural
3520,3,Male,Urban
3521,1,Female,Urban
3522,3,Male,Urban
3523,4,Female,Suburban
3524,2,Male,Rural
3525,3,Male,Suburban
3526,1,Male,Suburban
3527,2,Female,Rural
3528,4,Male,Urban
3529,1,Male,Rural
3530,4,Female,Suburban
3531,3,Female,Urban
3532,3,Female,Urban
3533,2,Male,Urban
3534,2,Male,Urban
3535,4,Male,Rural
3536,2,Male,Urban
3537,2,Female,Suburban
3538,2,Female,Rural
3539,3,Female,Urban
3540,4,Female,Urban
3541,2,Male,Suburban
3542,2,Female,Rural
3543,1,Female,Urban
3544,2,Female,Urban
3545,1,Female,Suburban
3546,4,Male,Rural
3547,2,Male,Urban
3548,2,Male,Urban
3549,4,Female,Rural
3550,3,Male,Urban
3551,1,Male,Urban
3552,4,Male,Suburban
3553,3,Male,Urban
3554,4,Female,Urban
3555,3,Female,Suburban
3556,4,Female,Suburban
3557,3,Male,Suburban
3558,4,Male,Urban
3559,2,Male,Suburban
3560,4,Female,Suburban
3561,1,Female,Rural
3562,1,Male,Suburban
3563,1,Male,Suburban
3564,1,Male,Rural
3565,2,Female,Rural
3566,3,Male,Urban
3567,3,Female,Rural
3568,1,Male,Rural
3569,1,Male,Urban
3570,2,Female,Urban
3571,2,Female,Suburban
3572,3,Female,Urban
3573,2,Male,Suburban
3574,2,Male,Suburban
3575,2,Female,Urban
3576,2,Female,Urban
3577,4,Male,Rural
3578,2,Female,Urban
3579,2,Female,Suburban
3580,2,Female,Urban
3581,4,Male,Urban
3582,3,Female,Suburban
3583,2,Female,Urban
3584,1,Male,Suburban
3585,2,Male,Suburban
3586,2,Female,Urban
3587,1,Male,Urban
3588,3,Male,Suburban
3589,2,Male,Suburban
3590,2,Female,Suburban
3591,3,Female,Suburban
3592,3,Female,Urban
3593,2,Female,Urban
3594,1,Female,Suburban
3595,4,Male,Suburban
3596,4,Male,Rural
3597,4,Male,Urban
3598,2,Male,Suburban
3599,3,Male,Suburban
3600,2,Female,Urban
3601,3,Male,Suburban
3602,1,Male,Suburban
3603,3,Female,Urban
3604,3,Male,Urban
3605,3,Female,Urban
3606,3,Female,Rural
3607,4,Female,Urban
3608,3,Female,Urban
3609,1,Male,Urban
3610,3,Female,Urban
3611,2,Male,Urban
3612,1,Female,Suburban
3613,2,Female,Urban
3614,3,Female,Urban
3615,4,Male,Urban
3616,4,Female,Urban
3617,2,Female,Urban
3618,2,Female,Suburban
3619,4,Male,Suburban
3620,3,Female,Suburban
3621,1,Male,Urban
3622,3,Male,Rural
3623,4,Female,Suburban
3624,4,Male,Urban
3625,1,Male,Urban
3626,4,Female,Suburban
3627,2,Female,Urban
3628,3,Male,Urban
3629,3,Male,Suburban
3630,3,Male,Urban
3631,4,Male,Rural
3632,1,Female,Urban
3633,1,Male,Urban
3634,3,Female,Urban
3635,3,Male,Urban
3636,3,Female,Rural
3637,2,Female,Rural
3638,2,Female,Rural
3639,4,Male,Suburban
3640,1,Male,Urban
3641,4,Female,Urban
3642,2,Male,Urban
3643,1,Female,Rural
3644,2,Female,Urban
3645,2,Male,Urban
3646,1,Male,Suburban
3647,4,Male,Suburban
3648,2,Male,Urban
3649,2,Male,Suburban
3650,3,Female,Suburban
3651,4,Female,Rural
3652,2,Male,Urban
3653,4,Female,Urban
3654,3,Male,Urban
3655,2,Male,Rural
3656,3,Female,Rural
3657,3,Female,Suburban
3658,4,Male,Urban
3659,1,Male,Urban
3660,3,Female,Suburban
3661,2,Male,Urban
3662,1,Male,Suburban
3663,4,Male,Rural
3664,4,Male,Urban
3665,4,Female,Urban
3666,3,Female,Urban
3667,1,Male,Urban
3668,4,Male,Suburban
3669,2,Male,Urban
3670,2,Male,Urban
3671,2,Male,Urban
3672,1,Female,Urban
3673,3,Female,Suburban
3674,3,Female,Suburban
3675,1,Male,Suburban
3676,3,Male,Suburban
3677,1,Male,Urban
3678,3,Male,Suburban
3679,3,Male,Urban
3680,4,Male,Rural
3681,1,Female,Urban
3682,4,Male,Urban
3683,3,Male,Urban
3684,2,Female,Suburban
3685,2,Female,Urban
3686,1,Female,Rural
3687,1,Male,Urban
3688,2,Male,Rural
3689,3,Male,Suburban
3690,2,Male,Urban
3691,2,Female,Urban
3692,2,Female,Urban
3693,4,Female,Rural
3694,4,Female,Rural
3695,4,Male,Urban
3696,3,Male,Urban
3697,1,Female,Urban
3698,3,Female,Urban
3699,2,Female,Suburban
3700,2,Female,Urban
3701,4,Male,Urban
3702,4,Male,Rural
3703,1,Female,Suburban
3704,1,Male,Suburban
3705,1,Female,Urban
3706,3,Male,Rural
3707,4,Male,Suburban
3708,2,Male,Suburban
3709,4,Female,Urban
3710,3,Male,Rural
3711,1,Male,Suburban
3712,2,Female,Rural
3713,4,Male,Suburban
3714,4,Male,Suburban
3715,4,Female,Suburban
3716,4,Female,Rural
3717,4,Female,Urban
3718,2,Male,Urban
3719,1,Female,Suburban
3720,1,Male,Suburban
3721,1,Female,Suburban
3722,4,Male,Suburban
3723,3,Female,Suburban
3724,1,Female,Suburban
3725,3,Male,Urban
3726,2,Male,Rural
3727,3,Female,Urban
3728,4,Female,Suburban
3729,4,Female,Rural
3730,2,Female,Urban
3731,2,Female,Urban
3732,4,Male,Urban
3733,2,Male,Suburban
3734,3,Female,Urban
3735,4,Male,Urban
3736,2,Female,Rural
3737,2,Male,Urban
3738,4,Male,Suburban
3739,3,Male,Suburban
3740,3,Female,Urban
3741,1,Male,Urban
3742,4,Male,Rural
3743,4,Female,Suburban
3744,1,Male,Urban
3745,1,Female,Suburban
3746,1,Female,Suburban
3747,1,Male,Urban
3748,4,Female,Suburban
3749,4,Male,Urban
3750,3,Male,Urban
3751,1,Female,Rural
3752,2,Male,Urban
3753,4,Male,Urban
3754,1,Male,Urban
3755,3,Female,Suburban
3756,2,Male,Suburban
3757,2,Male,Rural
3758,3,Female,Urban
3759,2,Male,Suburban
3760,3,Male,Suburban
3761,1,Male,Urban
3762,1,Female,Urban
3763,1,Female,Rural
3764,1,Female,Urban
3765,4,Male,Suburban
3766,4,Female,Suburban
3767,2,Female,Urban
3768,1,Female,Rural
3769,2,Male,Rural
3770,3,Female,Urban
3771,1,Male,Suburban
3772,2,Female,Urban
3773,3,Female,Suburban
3774,4,Male,Urban
3775,3,Male,Urban
3776,2,Female,Urban
3777,2,Male,Urban
3778,1,Female,Urban
3779,4,Female,Urban
3780,3,Male,Rural
3781,1,Female,Urban
3782,2,Female,Urban
3783,1,Male,Urban
3784,3,Male,Suburban
3785,2,Male,Urban
3786,1,Male,Suburban
3787,2,Female,Suburban
3788,2,Female,Urban
3789,4,Female,Rural
3790,3,Male,Urban
3791,2,Female,Suburban
3792,3,Female,Urban
3793,2,Female,Suburban
3794,3,Male,Rural
3795,1,Female,Urban
3796,3,Female,Urban
3797,2,Male,Urban
3798,4,Female,Urban
3799,1,Male,Rural
3800,3,Female,Suburban
3801,4,Female,Suburban
3802,2,Female,Rural
3803,2,Female,Rural
3804,3,Male,Rural
3805,4,Female,Urban
3806,4,Male,Urban
3807,1,Female,Urban
3808,3,Male,Urban
3809,2,Male,Urban
3810,2,Female,Urban
3811,1,Male,Urban
3812,4,Female,Urban
3813,1,Female,Urban
3814,2,Male,Urban
3815,4,Male,Urban
3816,4,Female,Urban
3817,2,Female,Suburban
3818,4,Male,Suburban
3819,4,Female,Urban
3820,1,Female,Urban
3821,2,Male,Urban
3822,4,Female,Urban
3823,1,Female,Urban
3824,1,Male,Rural
3825,4,Female,Urban
3826,4,Female,Urban
3827,4,Female,Suburban
3828,4,Male,Suburban
3829,3,Male,Urban
3830,1,Male,Urban
3831,4,Female,Rural
3832,2,Female,Urban
3833,4,Male,Suburban
3834,3,Female,Suburban
3835,4,Female,Urban
3836,3,Male,Suburban
3837,2,Male,Urban
3838,2,Male,Urban
3839,2,Female,Urban
3840,3,Male,Rural
3841,2,Female,Urban
3842,1,Female,Urban
3843,3,Female,Rural
3844,1,Male,Urban
3845,3,Female,Rural
3846,4,Male,Suburban
3847,2,Male,Suburban
3848,2,Male,Suburban
3849,3,Female,Suburban
3850,3,Female,Urban
3851,1,Male,Rural
3852,1,Male,Rural
3853,1,Female,Rural
3854,2,Female,Suburban
3855,2,Male,Suburban
3856,2,Male,Suburban
3857,3,Female,Urban
3858,2,Female,Urban
3859,3,Male,Suburban
3860,4,Female,Suburban
3861,1,Female,Urban
3862,3,Male,Urban
3863,1,Female,Suburban
3864,4,Female,Urban
3865,3,Male,Rural
3866,4,Male,Suburban
3867,2,Male,Urban
3868,3,Male,Urban
3869,2,Female,Suburban
3870,2,Female,Urban
3871,3,Female,Rural
3872,4,Female,Urban
3873,2,Male,Urban
3874,3,Female,Urban
3875,2,Male,Suburban
3876,2,Male,Rural
3877,1,Male,Rural
3878,1,Female,Urban
3879,2,Female,Rural
3880,2,Male,Urban
3881,3,Female,Suburban
3882,4,Female,Rural
3883,4,Male,Urban
3884,1,Female,Rural
3885,4,Female,Urban
3886,3,Male,Urban
3887,3,Female,Suburban
3888,3,Female,Rural
3889,1,Female,Urban
3890,2,Male,Rural
3891,2,Male,Urban
3892,1,Female,Suburban
3893,4,Male,Suburban
3894,1,Male,Urban
3895,2,Male,Suburban
3896,1,Female,Suburban
3897,1,Male,Suburban
3898,4,Female,Urban
3899,3,Male,Urban
3900,1,Male,Rural
3901,3,Male,Suburban
3902,2,Female,Rural
3903,4,Male,Suburban
3904,1,Male,Rural
3905,3,Female,Urban
3906,4,Female,Urban
3907,2,Male,Suburban
3908,3,Male,Urban
3909,4,Female,Urban
3910,2,Male,Suburban
3911,3,Male,Rural
3912,1,Male,Suburban
3913,2,Female,Urban
3914,2,Male,Rural
3915,2,Male,Urban
3916,4,Male,Urban
3917,4,Female,Rural
3918,1,Female,Suburban
3919,4,Female,Rural
3920,2,Male,Rural
3921,2,Male,Suburban
3922,4,Male,Urban
3923,1,Female,Urban
3924,2,Female,Rural
3925,1,Male,Rural
3926,3,Female,Urban
3927,4,Female,Urban
3928,2,Female,Urban
3929,2,Male,Urban
3930,2,Female,Rural
3931,2,Male,Urban
3932,3,Male,Urban
3933,2,Male,Rural
3934,2,Female,Suburban
3935,1,Female,Urban
3936,3,Male,Urban
3937,1,Male,Urban
3938,3,Female,Urban
3939,2,Female,Urban
3940,2,Male,Urban
3941,2,Male,Urban
3942,3,Male,Urban
3943,3,Male,Urban
3944,1,Female,Rural
3945,1,Male,Urban
3946,1,Female,Urban
3947,3,Female,Rural
3948,1,Female,Urban
3949,1,Female,Urban
3950,1,Male,Rural
3951,2,Male,Suburban
3952,4,Female,Urban
3953,2,Female,Suburban
3954,3,Female,Suburban
3955,2,Male,Urban
3956,3,Female,Urban
3957,2,Male,Urban
3958,3,Male,Rural
3959,4,Female,Urban
3960,1,Male,Urban
3961,2,Male,Suburban
3962,4,Male,Rural
3963,1,Male,Urban
3964,3,Female,Urban
3965,2,Female,Urban
3966,2,Female,Suburban
3967,2,Male,Urban
3968,2,Female,Rural
3969,2,Female,Urban
3970,4,Male,Urban
3971,4,Female,Urban
3972,4,Female,Urban
3973,2,Female,Urban
3974,2,Female,Suburban
3975,1,Female,Urban
3976,3,Female,Suburban
3977,3,Female,Urban
3978,4,Female,Suburban
3979,2,Male,Urban
3980,2,Female,Suburban
3981,3,Female,Urban
3982,3,Male,Rural
3983,2,Female,Rural
3984,3,Female,Rural
3985,4,Female,Rural
3986,3,Female,Urban
3987,2,Male,Suburban
3988,2,Female,Urban
3989,1,Female,Rural
3990,1,Male,Urban
3991,2,Female,Urban
3992,2,Male,Suburban
3993,1,Male,Urban
3994,1,Female,Suburban
3995,4,Female,Urban
3996,4,Female,Suburban
3997,4,Male,Rural
3998,1,Female,Suburban
3999,3,Male,Urban
4000,4,Female,Urban
4001,4,Female,Urban
4002,4,Female,Urban
4003,1,Male,Suburban
4004,2,Female,Urban
4005,4,Male,Urban
4006,4,Female,Urban
4007,2,Male,Rural
4008,2,Female,Urban
4009,4,Male,Urban
4010,2,Female,Urban
4011,3,Female,Urban
4012,4,Male,Rural
4013,4,Female,Urban
4014,2,Male,Suburban
4015,2,Female,Suburban
4016,3,Male,Rural
4017,2,Male,Suburban
4018,2,Male,Suburban
4019,4,Female,Urban
4020,3,Female,Urban
4021,3,Female,Suburban
4022,3,Male,Suburban
4023,2,Female,Suburban
4024,3,Male,Urban
4025,2,Male,Urban
4026,4,Male,Urban
4027,4,Male,Urban
4028,1,Female,Urban
4029,4,Female,Urban
4030,2,Female,Suburban
4031,4,Female,Suburban
4032,1,Female,Suburban
4033,2,Male,Suburban
4034,2,Male,Urban
4035,2,Female,Urban
4036,4,Male,Suburban
4037,1,Male,Rural
4038,4,Female,Suburban
4039,4,Male,Suburban
4040,3,Female,Suburban
4041,2,Female,Suburban
4042,4,Female,Suburban
4043,1,Female,Suburban
4044,4,Male,Urban
4045,1,Male,Urban
4046,1,Female,Urban
4047,2,Female,Suburban
4048,3,Male,Suburban
4049,1,Female,Urban
4050,1,Female,Urban
4051,2,Male,Suburban
4052,1,Female,Urban
4053,3,Female,Rural
4054,2,Female,Urban
4055,4,Female,Urban
4056,1,Female,Urban
4057,4,Female,Urban
4058,1,Male,Urban
4059,4,Female,Urban
4060,4,Female,Urban
4061,4,Female,Urban
4062,3,Female,Suburban
4063,2,Male,Urban
4064,2,Male,Urban
4065,1,Male,Urban
4066,3,Female,Rural
4067,2,Female,Suburban
4068,4,Male,Rural
4069,1,Female,Rural
4070,4,Male,Urban
4071,4,Male,Suburban
4072,3,Female,Urban
4073,3,Male,Rural
4074,1,Female,Urban
4075,4,Female,Urban
4076,3,Male,Rural
4077,3,Male,Rural
4078,1,Male,Rural
4079,1,Male,Urban
4080,2,Female,Urban
4081,1,Female,Urban
4082,2,Female,Urban
4083,4,Female,Urban
4084,2,Female,Urban
4085,2,Female,Suburban
4086,4,Female,Urban
4087,2,Female,Suburban
4088,2,Female,Rural
4089,4,Male,Suburban
4090,3,Male,Urban
4091,3,Female,Urban
4092,2,Male,Urban
4093,4,Male,Suburban
4094,4,Male,Urban
4095,2,Male,Urban
4096,2,Female,Rural
4097,3,Female,Suburban
4098,3,Male,Rural
4099,3,Female,Urban
4100,3,Female,Rural
4101,3,Female,Urban
4102,3,Female,Urban
4103,2,Male,Rural
4104,2,Male,Rural
4105,4,Female,Urban
4106,4,Female,Urban
4107,3,Female,Urban
4108,3,Female,Suburban
4109,4,Female,Rural
4110,1,Male,Urban
4111,3,Female,Urban
4112,2,Male,Suburban
4113,3,Male,Suburban
4114,3,Male,Urban
4115,3,Female,Suburban
4116,2,Male,Rural
4117,4,Female,Urban
4118,4,Female,Suburban
4119,4,Female,Suburban
4120,2,Male,Suburban
4121,1,Female,Rural
4122,3,Male,Suburban
4123,4,Female,Suburban
4124,4,Female,Urban
4125,4,Male,Suburban
4126,4,Male,Urban
4127,3,Male,Urban
4128,2,Female,Urban
4129,1,Female,Suburban
4130,4,Male,Rural
4131,2,Female,Suburban
4132,2,Male,Rural
4133,4,Female,Urban
4134,4,Male,Suburban
4135,2,Male,Rural
4136,3,Female,Urban
4137,3,Male,Rural
4138,1,Male,Suburban
4139,1,Female,Urban
4140,2,Male,Suburban
4141,3,Female,Urban
4142,3,Male,Urban
4143,1,Male,Urban
4144,3,Male,Urban
4145,3,Female,Urban
4146,1,Male,Rural
4147,4,Male,Urban
4148,2,Female,Rural
4149,2,Male,Suburban
4150,4,Male,Urban
4151,4,Male,Urban
4152,2,Male,Rural
4153,2,Male,Suburban
4154,3,Female,Rural
4155,4,Male,Urban
4156,1,Male,Suburban
4157,3,Female,Suburban
4158,2,Male,Rural
4159,3,Female,Urban
4160,2,Male,Rural
4161,3,Female,Urban
4162,1,Female,Rural
4163,2,Male,Suburban
4164,3,Female,Suburban
4165,1,Male,Urban
4166,1,Female,Rural
4167,4,Male,Urban
4168,1,Female,Urban
4169,3,Female,Suburban
4170,3,Female,Suburban
4171,2,Male,Urban
4172,3,Female,Suburban
4173,4,Female,Urban
4174,3,Female,Suburban
4175,3,Female,Suburban
4176,3,Male,Suburban
4177,4,Female,Rural
4178,4,Female,Suburban
4179,4,Male,Urban
4180,1,Female,Suburban
4181,2,Female,Urban
4182,2,Male,Urban
4183,2,Male,Suburban
4184,2,Male,Urban
4185,1,Male,Urban
4186,1,Female,Rural
4187,3,Female,Urban
4188,2,Female,Urban
4189,3,Female,Urban
4190,1,Male,Urban
4191,3,Female,Suburban
4192,1,Female,Suburban
4193,3,Male,Suburban
4194,4,Male,Urban
4195,1,Female,Suburban
4196,1,Female,Urban
4197,2,Female,Suburban
4198,3,Male,Suburban
4199,3,Male,Urban
4200,4,Male,Rural
4201,3,Female,Suburban
4202,4,Female,Urban
4203,4,Male,Suburban
4204,4,Male,Suburban
4205,2,Female,Urban
4206,1,Female,Urban
4207,1,Female,Suburban
4208,4,Female,Rural
4209,3,Female,Suburban
4210,1,Female,Suburban
4211,1,Female,Suburban
4212,2,Female,Urban
4213,4,Male,Urban
4214,2,Female,Urban
4215,2,Female,Rural
4216,3,Male,Rural
4217,4,Female,Rural
4218,4,Male,Urban
4219,4,Male,Suburban
4220,3,Male,Suburban
4221,3,Male,Urban
4222,3,Female,Urban
4223,2,Female,Suburban
4224,2,Male,Suburban
4225,2,Female,Suburban
4226,3,Female,Urban
4227,2,Female,Suburban
4228,2,Female,Urban
4229,2,Female,Urban
4230,4,Female,Suburban
4231,2,Female,Urban
4232,1,Female,Rural
4233,1,Male,Urban
4234,2,Female,Urban
4235,3,Male,Urban
4236,4,Female,Suburban
4237,1,Female,Urban
4238,3,Female,Urban
4239,2,Female,Urban
4240,3,Female,Urban
4241,3,Female,Suburban
4242,4,Female,Urban
4243,3,Female,Urban
4244,2,Male,Suburban
4245,4,Female,Urban
4246,3,Female,Suburban
4247,1,Female,Urban
4248,3,Female,Suburban
4249,2,Female,Urban
4250,2,Male,Urban
4251,2,Male,Urban
4252,3,Male,Rural
4253,1,Female,Urban
4254,1,Female,Rural
4255,2,Female,Rural
4256,2,Female,Urban
4257,1,Male,Urban
4258,4,Female,Urban
4259,1,Female,Rural
4260,3,Female,Suburban
4261,4,Female,Suburban
4262,3,Male,Urban
4263,4,Female,Rural
4264,3,Female,Urban
4265,2,Female,Urban
4266,4,Male,Urban
4267,2,Male,Urban
4268,1,Male,Rural
4269,1,Male,Suburban
4270,1,Male,Urban
4271,1,Male,Urban
4272,4,Male,Suburban
4273,4,Male,Suburban
4274,2,Female,Urban
4275,2,Female,Urban
4276,1,Male,Suburban
4277,4,Female,Rural
4278,4,Male,Suburban
4279,4,Female,Urban
4280,3,Male,Suburban
4281,3,Male,Urban
4282,4,Male,Rural
4283,1,Male,Urban
4284,3,Male,Urban
4285,3,Male,Urban
4286,1,Male,Urban
4287,3,Female,Urban
4288,3,Female,Suburban
4289,4,Male,Suburban
4290,1,Male,Rural
4291,3,Female,Urban
4292,1,Female,Urban
4293,1,Female,Urban
4294,2,Male,Urban
4295,4,Female,Urban
4296,4,Female,Rural
4297,2,Male,Rural
4298,1,Female,Urban
4299,2,Male,Suburban
4300,3,Male,Suburban
4301,1,Female,Urban
4302,3,Female,Suburban
4303,3,Female,Urban
4304,4,Male,Urban
4305,3,Male,Rural
4306,2,Female,Suburban
4307,3,Female,Urban
4308,4,Female,Urban
4309,1,Female,Rural
4310,2,Female,Urban
4311,3,Male,Rural
4312,3,Male,Rural
4313,2,Male,Urban
4314,1,Male,Suburban
4315,1,Male,Suburban
4316,4,Female,Suburban
4317,1,Male,Urban
4318,3,Female,Urban
4319,1,Male,Urban
4320,3,Female,Suburban
4321,1,Female,Suburban
4322,2,Male,Suburban
4323,2,Male,Suburban
4324,4,Male,Urban
4325,4,Female,Urban
4326,3,Female,Suburban
4327,2,Female,Suburban
4328,1,Female,Suburban
4329,2,Male,Urban
4330,1,Female,Urban
4331,3,Male,Rural
4332,2,Female,Urban
4333,1,Female,Urban
4334,1,Female,Suburban
4335,2,Female,Suburban
4336,3,Female,Rural
4337,3,Female,Rural
4338,3,Male,Suburban
4339,1,Male,Urban
4340,1,Female,Urban
4341,3,Male,Rural
4342,1,Male,Urban
4343,3,Male,Rural
4344,4,Female,Suburban
4345,3,Female,Urban
4346,2,Female,Suburban
4347,4,Female,Suburban
4348,2,Female,Urban
4349,2,Female,Urban
4350,3,Male,Suburban
4351,4,Female,Urban
4352,2,Female,Urban
4353,3,Male,Suburban
4354,2,Male,Suburban
4355,1,Female,Suburban
4356,4,Female,Rural
4357,4,Male,Rural
4358,1,Male,Urban
4359,3,Female,Urban
4360,2,Female,Suburban
4361,1,Female,Urban
4362,2,Female,Rural
4363,4,Female,Suburban
4364,4,Female,Urban
4365,3,Male,Suburban
4366,4,Male,Suburban
4367,2,Female,Rural
4368,4,Male,Urban
4369,3,Female,Rural
4370,2,Male,Urban
4371,4,Male,Suburban
4372,1,Male,Rural
4373,1,Male,Urban
4374,2,Female,Urban
4375,3,Female,Rural
4376,1,Female,Rural
4377,2,Male,Urban
4378,2,Female,Suburban
4379,4,Male,Rural
4380,2,Male,Urban
4381,4,Male,Suburban
4382,1,Male,Urban
4383,4,Male,Urban
4384,4,Male,Rural
4385,2,Male,Urban
4386,2,Female,Rural
4387,2,Female,Suburban
4388,2,Male,Suburban
4389,2,Male,Urban
4390,1,Male,Urban
4391,4,Female,Rural
4392,2,Female,Suburban
4393,2,Male,Suburban
4394,1,Male,Urban
4395,2,Male,Urban
4396,2,Male,Urban
4397,2,Male,Suburban
4398,2,Male,Urban
4399,4,Female,Suburban
4400,3,Female,Urban
4401,4,Female,Urban
4402,3,Male,Suburban
4403,2,Male,Suburban
4404,3,Male,Rural
4405,1,Male,Urban
4406,4,Male,Suburban
4407,2,Male,Urban
4408,3,Male,Rural
4409,3,Male,Suburban
4410,1,Female,Urban
4411,3,Female,Rural
4412,3,Female,Urban
4413,3,Male,Urban
4414,2,Male,Urban
4415,1,Female,Urban
4416,3,Female,Rural
4417,1,Female,Suburban
4418,2,Male,Suburban
4419,4,Female,Rural
4420,2,Female,Suburban
4421,3,Female,Urban
4422,3,Female,Urban
4423,2,Male,Urban
4424,4,Female,Rural
4425,4,Female,Rural
4426,4,Male,Suburban
4427,2,Male,Urban
4428,4,Male,Urban
4429,4,Female,Rural
4430,3,Male,Urban
4431,4,Female,Suburban
4432,2,Female,Urban
4433,2,Male,Urban
4434,3,Male,Suburban
4435,4,Female,Rural
4436,4,Female,Suburban
4437,2,Male,Urban
4438,1,Female,Urban
4439,2,Male,Rural
4440,3,Female,Suburban
4441,3,Female,Urban
4442,4,Female,Suburban
4443,4,Male,Urban
4444,2,Male,Urban
4445,2,Female,Rural
4446,1,Female,Suburban
4447,2,Female,Urban
4448,3,Male,Urban
4449,2,Female,Rural
4450,3,Female,Suburban
4451,2,Male,Suburban
4452,2,Female,Urban
4453,1,Male,Rural
4454,1,Female,Rural
4455,2,Female,Suburban
4456,4,Female,Urban
4457,1,Male,Suburban
4458,2,Female,Rural
4459,1,Female,Suburban
4460,4,Female,Rural
4461,2,Male,Suburban
4462,3,Female,Urban
4463,2,Male,Urban
4464,3,Female,Rural
4465,3,Female,Urban
4466,4,Female,Urban
4467,3,Female,Suburban
4468,1,Female,Urban
4469,4,Female,Rural
4470,1,Female,Urban
4471,3,Female,Urban
4472,4,Male,Urban
4473,2,Male,Suburban
4474,3,Female,Suburban
4475,4,Male,Urban
4476,1,Female,Urban
4477,3,Male,Urban
4478,4,Male,Suburban
4479,4,Female,Rural
4480,2,Female,Suburban
4481,2,Male,Urban
4482,4,Male,Suburban
4483,4,Female,Urban
4484,4,Male,Urban
4485,3,Male,Urban
4486,4,Female,Urban
4487,2,Female,Urban
4488,2,Female,Suburban
4489,1,Female,Urban
4490,3,Female,Suburban
4491,2,Female,Rural
4492,2,Male,Suburban
4493,1,Male,Urban
4494,2,Male,Suburban
4495,4,Female,Urban
4496,2,Female,Urban
4497,4,Male,Urban
4498,4,Female,Rural
4499,2,Male,Rural
4500,3,Female,Rural
4501,2,Male,Suburban
4502,3,Male,Suburban
4503,1,Male,Rural
4504,3,Male,Rural
4505,4,Female,Urban
4506,4,Male,Rural
4507,2,Male,Rural
4508,3,Female,Suburban
4509,1,Male,Urban
4510,3,Female,Urban
4511,3,Female,Suburban
4512,3,Female,Urban
4513,2,Female,Urban
4514,2,Male,Suburban
4515,4,Female,Rural
4516,2,Female,Rural
4517,2,Female,Suburban
4518,3,Female,Urban
4519,2,Male,Urban
4520,3,Male,Suburban
4521,1,Female,Urban
4522,1,Female,Suburban
4523,1,Male,Rural
4524,3,Male,Suburban
4525,2,Male,Suburban
4526,2,Male,Suburban
4527,1,Male,Rural
4528,2,Female,Urban
4529,2,Female,Urban
4530,1,Female,Urban
4531,1,Male,Suburban
4532,1,Female,Urban
4533,2,Female,Suburban
4534,1,Female,Suburban
4535,4,Male,Urban
4536,4,Male,Suburban
4537,4,Male,Urban
4538,2,Female,Urban
4539,4,Male,Urban
4540,3,Female,Urban
4541,4,Male,Rural
4542,4,Female,Rural
4543,2,Male,Suburban
4544,4,Male,Suburban
4545,1,Female,Suburban
4546,3,Female,Rural
4547,3,Female,Suburban
4548,1,Male,Urban
4549,2,Male,Suburban
4550,3,Male,Rural
4551,1,Female,Urban
4552,1,Male,Urban
4553,4,Male,Urban
4554,1,Female,Urban
4555,4,Male,Suburban
4556,1,Male,Urban
4557,2,Male,Rural
4558,4,Female,Suburban
4559,2,Male,Urban
4560,2,Male,Rural
4561,1,Male,Suburban
4562,3,Female,Suburban
4563,2,Female,Urban
4564,1,Male,Rural
4565,1,Male,Urban
4566,1,Male,Urban
4567,3,Female,Urban
4568,2,Male,Urban
4569,2,Male,Suburban
4570,4,Male,Urban
4571,1,Female,Suburban
4572,1,Female,Urban
4573,1,Female,Rural
4574,2,Male,Urban
4575,3,Male,Rural
4576,4,Male,Rural
4577,3,Male,Urban
4578,4,Female,Suburban
4579,1,Female,Urban
4580,4,Male,Rural
4581,1,Female,Suburban
4582,3,Male,Urban
4583,4,Female,Urban
4584,2,Female,Urban
4585,3,Male,Rural
4586,3,Female,Suburban
4587,2,Female,Urban
4588,2,Male,Urban
4589,4,Male,Urban
4590,4,Female,Suburban
4591,2,Male,Urban
4592,4,Male,Urban
4593,2,Female,Rural
4594,1,Female,Urban
4595,2,Female,Suburban
4596,1,Male,Urban
4597,2,Female,Urban
4598,4,Male,Suburban
4599,3,Female,Urban
4600,3,Female,Urban
4601,3,Male,Rural
4602,4,Female,Rural
4603,2,Female,Suburban
4604,4,Female,Urban
4605,4,Male,Urban
4606,1,Female,Urban
4607,2,Male,Rural
4608,2,Male,Rural
4609,3,Male,Suburban
4610,3,Female,Rural
4611,1,Female,Urban
4612,3,Female,Suburban
4613,2,Male,Urban
4614,3,Female,Urban
4615,1,Male,Rural
4616,4,Male,Rural
4617,1,Female,Urban
4618,2,Female,Urban
4619,2,Female,Suburban
4620,3,Male,Urban
4621,2,Female,Suburban
4622,2,Female,Suburban
4623,2,Female,Urban
4624,4,Male,Urban
4625,1,Male,Urban
4626,2,Female,Rural
4627,4,Female,Urban
4628,1,Female,Suburban
4629,4,Female,Urban
4630,1,Male,Suburban
4631,1,Female,Urban
4632,4,Male,Urban
4633,2,Female,Suburban
4634,1,Female,Suburban
4635,4,Male,Urban
4636,1,Male,Urban
4637,4,Male,Rural
4638,4,Female,Urban
4639,2,Female,Urban
4640,2,Female,Urban
4641,1,Male,Urban
4642,4,Female,Suburban
4643,1,Male,Suburban
4644,1,Male,Suburban
4645,3,Male,Suburban
4646,1,Female,Urban
4647,3,Female,Suburban
4648,4,Female,Urban
4649,4,Female,Urban
4650,3,Male,Suburban
4651,3,Female,Urban
4652,1,Male,Urban
4653,2,Female,Urban
4654,2,Male,Suburban
4655,1,Female,Urban
4656,1,Female,Suburban
4657,3,Female,Suburban
4658,3,Female,Suburban
4659,3,Male,Urban
4660,2,Male,Rural
4661,2,Female,Urban
4662,4,Female,Rural
4663,2,Male,Suburban
4664,2,Female,Urban
4665,2,Male,Suburban
4666,2,Female,Suburban
4667,2,Male,Urban
4668,3,Male,Urban
4669,4,Female,Suburban
4670,4,Female,Suburban
4671,3,Female,Rural
4672,4,Female,Urban
4673,3,Female,Suburban
4674,2,Male,Suburban
4675,3,Female,Suburban
4676,3,Female,Urban
4677,3,Female,Urban
4678,1,Female,Suburban
4679,3,Male,Urban
4680,4,Female,Urban
4681,2,Female,Suburban
4682,4,Male,Urban
4683,2,Female,Urban
4684,3,Male,Urban
4685,3,Female,Suburban
4686,1,Female,Rural
4687,4,Male,Urban
4688,1,Female,Urban
4689,1,Male,Rural
4690,3,Female,Urban
4691,4,Female,Rural
4692,2,Male,Suburban
4693,4,Male,Urban
4694,2,Male,Urban
4695,4,Male,Urban
4696,2,Male,Suburban
4697,2,Male,Urban
4698,4,Male,Rural
4699,1,Male,Suburban
4700,1,Male,Rural
4701,3,Male,Rural
4702,2,Female,Urban
4703,4,Female,Suburban
4704,3,Male,Rural
4705,4,Female,Urban
4706,1,Male,Urban
4707,4,Female,Urban
4708,2,Male,Urban
4709,2,Male,Rural
4710,3,Female,Urban
4711,4,Male,Suburban
4712,4,Female,Rural
4713,3,Male,Urban
4714,4,Male,Suburban
4715,3,Male,Urban
4716,4,Female,Urban
4717,3,Male,Urban
4718,1,Female,Urban
4719,2,Female,Urban
4720,3,Female,Urban
4721,3,Female,Urban
4722,2,Female,Urban
4723,2,Female,Suburban
4724,3,Male,Urban
4725,2,Male,Rural
4726,1,Female,Rural
4727,1,Male,Suburban
4728,4,Female,Suburban
4729,2,Male,Suburban
4730,4,Male,Suburban
4731,3,Male,Rural
4732,1,Male,Rural
4733,4,Female,Urban
4734,2,Female,Suburban
4735,2,Male,Rural
4736,2,Male,Urban
4737,1,Female,Suburban
4738,4,Male,Suburban
4739,4,Female,Suburban
4740,2,Female,Urban
4741,2,Male,Urban
4742,2,Male,Urban
4743,3,Male,Suburban
4744,3,Male,Rural
4745,4,Male,Rural
4746,3,Female,Urban
4747,4,Male,Urban
4748,1,Female,Suburban
4749,3,Female,Suburban
4750,3,Male,Suburban
4751,4,Female,Urban
4752,2,Male,Urban
4753,1,Female,Suburban
4754,3,Female,Suburban
4755,3,Female,Urban
4756,4,Female,Rural
4757,4,Male,Suburban
4758,2,Male,Rural
4759,4,Male,Urban
4760,3,Female,Urban
4761,3,Male,Rural
4762,4,Female,Rural
4763,3,Male,Rural
4764,3,Female,Rural
4765,2,Female,Urban
4766,2,Male,Urban
4767,1,Male,Urban
4768,1,Female,Rural
4769,1,Male,Urban
4770,2,Male,Suburban
4771,3,Male,Rural
4772,2,Female,Rural
4773,4,Male,Rural
4774,2,Male,Suburban
4775,2,Female,Urban
4776,2,Male,Rural
4777,4,Male,Urban
4778,2,Male,Urban
4779,4,Male,Rural
4780,3,Male,Suburban
4781,3,Male,Suburban
4782,4,Male,Urban
4783,4,Female,Suburban
4784,2,Male,Rural
4785,3,Female,Suburban
4786,3,Female,Urban
4787,2,Female,Suburban
4788,3,Female,Rural
4789,1,Male,Rural
4790,4,Female,Urban
4791,4,Male,Suburban
4792,2,Male,Urban
4793,3,Female,Urban
4794,3,Male,Urban
4795,3,Male,Suburban
4796,3,Male,Suburban
4797,2,Male,Urban
4798,4,Male,Urban
4799,2,Female,Urban
4800,2,Female,Urban
4801,1,Male,Suburban
4802,3,Female,Urban
4803,1,Male,Urban
4804,3,Female,Rural
4805,2,Female,Urban
4806,3,Female,Rural
4807,2,Male,Suburban
4808,1,Male,Suburban
4809,3,Male,Suburban
4810,4,Female,Urban
4811,2,Male,Rural
4812,1,Male,Rural
4813,3,Female,Urban
4814,4,Female,Suburban
4815,1,Male,Suburban
4816,3,Male,Rural
4817,2,Male,Rural
4818,1,Male,Urban
4819,2,Female,Rural
4820,3,Male,Rural
4821,2,Female,Suburban
4822,4,Male,Urban
4823,2,Female,Rural
4824,3,Female,Suburban
4825,4,Male,Urban
4826,3,Male,Rural
4827,3,Male,Suburban
4828,4,Male,Rural
4829,3,Female,Suburban
4830,2,Male,Urban
4831,1,Female,Rural
4832,3,Male,Suburban
4833,2,Male,Suburban
4834,3,Female,Urban
4835,2,Female,Urban
4836,3,Female,Suburban
4837,2,Male,Urban
4838,2,Female,Rural
4839,2,Female,Rural
4840,2,Male,Suburban
4841,2,Female,Urban
4842,2,Female,Suburban
4843,3,Male,Urban
4844,3,Female,Rural
4845,1,Female,Urban
4846,4,Male,Rural
4847,2,Female,Urban
4848,3,Male,Urban
4849,2,Male,Rural
4850,3,Male,Suburban
4851,4,Male,Rural
4852,4,Female,Rural
4853,2,Female,Suburban
4854,2,Female,Urban
4855,2,Male,Suburban
4856,2,Female,Rural
4857,4,Male,Rural
4858,2,Male,Urban
4859,2,Male,Suburban
4860,2,Male,Urban
4861,4,Female,Suburban
4862,4,Female,Rural
4863,4,Male,Rural
4864,2,Male,Urban
4865,2,Female,Urban
4866,3,Male,Urban
4867,2,Male,Urban
4868,4,Female,Urban
4869,2,Male,Rural
4870,2,Female,Urban
4871,3,Female,Urban
4872,4,Male,Suburban
4873,1,Male,Urban
4874,1,Male,Urban
4875,2,Male,Rural
4876,1,Female,Urban
4877,4,Male,Urban
4878,4,Male,Suburban
4879,3,Female,Urban
4880,3,Male,Urban
4881,4,Male,Urban
4882,1,Female,Urban
4883,4,Male,Rural
4884,3,Male,Urban
4885,2,Male,Urban
4886,1,Female,Urban
4887,2,Male,Rural
4888,3,Female,Urban
4889,1,Male,Rural
4890,1,Female,Urban
4891,2,Female,Rural
4892,2,Male,Urban
4893,1,Male,Urban
4894,3,Male,Suburban
4895,3,Male,Urban
4896,2,Male,Suburban
4897,3,Female,Suburban
4898,1,Male,Suburban
4899,2,Female,Urban
4900,2,Male,Suburban
4901,4,Male,Urban
4902,3,Male,Rural
4903,1,Male,Suburban
4904,2,Female,Suburban
4905,4,Male,Rural
4906,1,Male,Suburban
4907,4,Female,Suburban
4908,3,Female,Urban
4909,4,Male,Suburban
4910,2,Female,Urban
4911,4,Male,Urban
4912,1,Male,Rural
4913,1,Male,Urban
4914,2,Female,Suburban
4915,3,Male,Urban
4916,1,Female,Urban
4917,1,Male,Rural
4918,2,Female,Urban
4919,3,Male,Suburban
4920,3,Male,Suburban
4921,2,Female,Rural
4922,1,Male,Urban
4923,3,Female,Suburban
4924,2,Female,Urban
4925,2,Female,Urban
4926,2,Male,Urban
4927,4,Female,Urban
4928,2,Female,Suburban
4929,1,Male,Urban
4930,2,Female,Urban
4931,1,Female,Suburban
4932,2,Female,Urban
4933,2,Female,Urban
4934,2,Female,Urban
4935,1,Female,Urban
4936,1,Male,Suburban
4937,4,Female,Rural
4938,4,Male,Suburban
4939,1,Male,Suburban
4940,1,Female,Urban
4941,4,Male,Rural
4942,4,Female,Urban
4943,4,Male,Urban
4944,2,Male,Urban
4945,2,Male,Urban
4946,4,Female,Suburban
4947,2,Male,Urban
4948,2,Female,Urban
4949,3,Male,Urban
4950,1,Male,Rural
4951,4,Male,Suburban
4952,2,Male,Rural
4953,4,Female,Rural
4954,2,Male,Rural
4955,3,Female,Urban
4956,4,Male,Urban
4957,3,Female,Urban
4958,2,Female,Urban
4959,2,Male,Suburban
4960,2,Male,Urban
4961,4,Female,Urban
4962,4,Male,Suburban
4963,4,Female,Urban
4964,4,Female,Urban
4965,4,Female,Urban
4966,3,Female,Suburban
4967,3,Female,Urban
4968,2,Female,Urban
4969,3,Male,Urban
4970,1,Female,Suburban
4971,2,Male,Urban
4972,2,Male,Urban
4973,2,Female,Rural
4974,4,Female,Rural
4975,2,Female,Urban
4976,2,Male,Urban
4977,4,Male,Urban
4978,3,Female,Suburban
4979,2,Male,Urban
4980,1,Female,Rural
4981,1,Male,Rural
4982,2,Female,Suburban
4983,4,Male,Urban
4984,4,Male,Rural
4985,1,Female,Suburban
4986,1,Female,Suburban
4987,3,Female,Urban
4988,4,Female,Suburban
4989,4,Male,Rural
4990,3,Female,Rural
4991,4,Male,Suburban
4992,1,Female,Suburban
4993,3,Male,Urban
4994,2,Male,Suburban
4995,1,Male,Rural
4996,1,Female,Suburban
4997,1,Female,Urban
4998,2,Male,Urban
4999,4,Female,Suburban
5000,2,Female,Rural
